title,real
Kandi Burruss Explodes Over Rape Accusation on 'Real Housewives of Atlanta' Reunion (Video),1
People's Choice Awards 2018: The best red carpet looks,1
Sophia Bush Sends Sweet Birthday Message to 'One Tree Hill' Co-Star Hilarie Burton: 'Breyton 4eva',1
Colombian singer Maluma sparks rumours of inappropriate relationship with AUNT,1
Gossip Girl 10 Years Later: How Upper East Siders Shocked the World and Changed Pop Culture Forever,1
"Gwen Stefani Got Dumped by Blake Shelton Over ""Jealousy and Drama"" (EXCLUSIVE)",0
Broward County Sheriff Fired For Lying About Parkland,0
"Amber Rose Shuts Down French Montana Dating Rumors, Calls Rapper Her 'Bruvaaa'",0
Mindy Kaling makes first post-baby appearance at Disneyland with her 'Wrinkle in Time' co-stars,1
Katharine McPhee Butchers Tony Nominations: “I Have Not Been Drinking”,1
‘WAGS Miami’ Stars Ashley Nicole Roberts and Philip Wheeler Are Married,1
Mel Gibson: Hollywood Pedophiles Have Nowhere Left To Hide,0
Medium Tyler Henry Addresses The ‘Chilling’ Messages Kristin Cavallari’s Deceased Brother Expressed During Reading,1
DWTS Season 27 Results: Week 5 - Disney Night,1
2011 via CQ subscribers only Tax Foundation,1
5 Reasons Why Tarek El Moussa Will Overcome His Latest Back Injury,0
"David Cassidy cuts estranged daughter Katie completely out of his will… but leaves £110,000 to son Beau",1
"Actress Brigitte Nielsen, 54, has given birth to her fifth child",1
The Kardashians donate whopping sum to Las Vegas mass shooting victims,0
Is Brad Pitt Open To Getting Back Together With Angelina After Rumors She’s Into It?,0
Pink Announces 2018 Tour and Drops New Single,1
"A glimpse at the relationship of Meghan Markle, Kate Middleton, Prince Harry and Prince William before the British royal wedding",0
"Johnny Depp, Charlie Sheen and Kevin Dillon reunite",1
Are Katie Holmes & Jamie Foxx Expecting A Baby? New Report Claims They Want To Start A Family,0
Ryan Phillippe shows off insanely chiseled bod shirtless in the snow,1
10 Pretty Celebrity Books That Would Look Good on Your Coffee Table,1
Pink Panics Before Hanging Off L.A. Hotel for AMAs 2017 Performance,1
Anne Hathaway Preemptively Shut Down Body-Shamers with an Instagram Post About Weight Gain,1
WATCH: Kendall Jenner’s first-ever Adidas ad,1
'Bachelor' Alum Vienna Girardi Reveals Gender of Her Twins,1
Teen Mom OG's Tyler Baltierra Reveals How He Lost 30 lbs.,1
Kim Kardashian West Says Her Kids Don't Know She's Famous: They 'Have No Clue',1
Why All Ladies Crush on Angelina Jolie,0
Jennifer Lawrence Blasts Harvey Weinstein's Legal Tactics,1
"The CW renews 'Supernatural,' 'Arrow,' 'Supergirl, 'Riverdale,' and more",1
Harvey Weinstein Hired Investigators to Spy on Accusers – Variety,1
Mario Lopez admits: 'I cheated on Ali Landry days before our wedding',0
Watch Married at First Sight’s Jonathan Squirm When Confronted by Molly’s Sister,1
A Farewell to @midnight: Why the Comedy Central Quiz Show Is Ending & Why That Really Sucks,1
List of Who Beyonce Knowles Has Dated,1
Katy Perry Says She's Ready for a 'Soul Overhaul' After 'Killing Her Ego' This Past Year,1
Rose Leslie Made Kit Harington Wear a Jon Snow Costume,1
Kate Middleton wears Diana's tiara at Queen's Diplomatic Reception,1
Michael Fassbender & Alicia Vikander Split After 9 Months Of Dating,0
Ryan Lochte cleared of false-report charge after incident at Rio Olympics,0
‘Bachelorette’ Star Chad Johnson Reveals Why He Sabotages Relationships And The Toll His Mom’s Death Took,1
Kourtney Kardashian's home swarming with tarantulas,1
"All About the $4,200 Crib Kim Kardashian West and Beyoncé Used",1
Kim Kardashian Insisted a Sick Kanye West Go to Hospital After Saint's Pneumonia Scare: Source,0
Audrina Patridge Divorce: Corey Bohan Seeks Joint Custody,1
Mama June Trash Talks Daughter Pumpkin's Fiance,1
"""Scott Brought a Girl Out Here!"" Disick Disrupts Another Trip and the Kardashian Family's Reaction Is Priceless: Watch Now",1
Rachel Brosnahan attends Tony Awards days after aunt Kate Spade’s death,1
"Norvell Presents ""Dancing With The Stars"" Product Line",1
Saved By The Bell's Mark-Paul Gosselaar and Tiffani Thiessen to reunite,1
Sofia Richie to Kourtney Kardashian: Stay Away From Scott Disick!,0
Would you consider a colored lip balm as a makeup product?,1
RHOMiami Alum Joanna Krupa & Romain Zago Finalize Divorce,1
Kate Middleton Really Wants to Get Pregnant With Baby No. 3 but Prince William Is Not Having It (EXCLUSIVE),0
KJ Apa Roasts Cole Sprouse on Instagram With a Throwback Photo,1
Less Bounce? Iggy Azalea Says She Lost 15 Lbs. in 1 Week from Twerking for Her Latest Music Video,1
Inside Matt Lauer's Quiet Life 1 Year After Today Show Firing: 'He's Not Doing Well',1
"Sean Penn Talks Haiti, Humanitarianism and Hollywood",1
J Balvin Lives the Moment With His Dream Girl in New 'Ahora' Video,1
Anthony Michael Hall Sentenced to Three Years' Probation for Assault,1
"Jada Pinkett Smith Not Leaving Will Smith For August Alsina, Despite Claim",0
Serena loses in exhibition comeback after giving birth,1
Thomas Rhett & Wife Open Up About Turbulent Adoption Process,1
Britney Spears Agrees to Pay Kevin Federline 'Thousands More' in Child Support: Report,1
"12 photos of celebrities not wearing their jackets properly, because no one knows how to dress for fall weather",1
Luke Bryan Jokes Gwen Stefani Is Too Hot for Blake Shelton: Watch,0
Cardi B Has Some Advice for Everyone Wrapped Up in Khloé Kardashian's Relationship Drama,1
Patient Protection and Affordable Care Act,1
Blake Lively Condemns Harvey Weinstein Amid Allegations,1
See the Hilarious Christmas Gift Jennifer Lawrence Gave Her 'BFF' Kris Jenner,1
Investigating Celebrity Parenting Trends: From Placenta Pills and Banking Cord Blood to Babywearing,1
"Together Again! Every Photo of Meghan, Kate, Harry and William at Centenary of Armistice Service",1
Ben Affleck Gifted A Pet Pooch On What A Source Tells Us Is His Final Day In Rehab,0
Kylie Jenner Says Daughter Stormi Looks ‘Just Like’ Her,1
"No, ZAYN Is Not 'Desperate To Defend' Girlfriend Gigi Hadid",0
"Angelina Jolie Talks Brad Pitt, Bell's Palsy in 'Vanity Fair' Cover Story",1
Cara Delevingne claims Harvey Weinstein tried to kiss her and wanted her to take part in a THREESOME in his hotel suite,1
Watch Britney Spears End Las Vegas Residency With New Year's Eve Performance,1
Better Call Saul,1
Kendra Wilkinson Says She Signed Her 'Last Divorce Paper' from Husband Hank Baskett,1
Kim Kardashian Begs Tristan Thompson to Unblock Her on Instagram,0
Ed Sheeran admits he was able to bed hot women because of Taylor Swift,0
Jennifer Lopez Snubbed Vanessa Hudgens On ‘ Second Act ’ Set ,0
May 2017 – Page 180 – AMNAYzh News,1
Paris Hilton Talks Being a Kim Kardashian 'Clone' for New Yeezy Campaign (Exclusive),1
Selena Gomez And The Weeknd Are Dating: A Timeline Of Everything,1
'What Really Hurt': Jay-Z Opens Up About Alleged Feud With Kanye West,1
'Fixer Upper' stars Chip and Joanna Gaines returning to TV with a new Discovery network,1
"We Don't Know Why Matthew Rhys Was Stripping at the Mother! Premiere, But We're So OK With It",1
We tried the Starbucks Zombie Frappuccino and we're not sure how we feel about it,1
Kim Kardashian slammed for 'ridiculous' bikini Instagram: 'You should be ashamed!',1
Netflix Will Stop Streaming Marvel Movies,1
Ariana Grande and Jimmy Fallon Break Records During Tonight Show Takeover - Movies & Television,1
Alex Rodriguez Shares Never-Before-Seen Photos of Jennifer Lopez in Sweet Birthday Post,1
Rob Pattinson Still ‘Cares Deeply’ For Kristen Stewart — Getting Back Together After Party Reunion?,0
"Venus Williams, other driver cleared in fatal crash",1
The Last Black Unicorn: Tiffany Haddish: 9781501181825: Amazon.com: Books,1
Bachelor in Paradise: Taylor Nolan and Derek Peth Split,1
Saturday Savings: Jennifer Lopez's Cropped Sweater Is Only $28!,1
Celebrity Marriage: Kendra Wilkinson Takes Off Wedding Ring and Breaks Down on Instagram,1
"Kim Kardashian Is ‘Over Being Blonde’, So She Dyes Her Hair Pink — Check Out The Vid",1
"Meryl Streep And Nicole Kidman Feud On ‘Big Little Lies’ Set, Reports ‘Closer Weekly’",0
Bekah M. Explains Why Her Mother Reported Her Missing During ‘Bachelor’ Filming & It’s Actually No Big Deal — VIDEO,1
"Scheana Shay Felt She Was ""Harsh"" and ""Cold"" Toward Mike Shay at the Reunion",1
Hurricane Maria could be a $95 billion storm for Puerto Rico,1
9 Ways 'Riverdale' and 'Gossip Girl' Are Essentially the Same Show,1
The Next 'Bachelor' Won't Be Peter Kraus If This Tweet Is To Be Believed,1
Ivanka Trump Us Weekly Cover Memes,0
SparkNotes: The Handmaid’s Tale: Plot Overview,1
Ed Sheeran says he broke his arm in bike accident,1
Police recover Elizabeth Smart and arrest her abductors,1
Kelly Rohrbach cosies up to shirtless beau Steuart Walton in Malibu,1
Tarek and Christina El Moussa Produce New HGTV Show: Chi-Town Flip,1
The Walking Dead season 9: The reason why Rick Grimes actor Andrew Lincoln quit the series,1
Ellen DeGeneres' wife Portia de Rossi makes her cry with 60th birthday gift,0
‘Total Bellas’ Renewed For Season 4 By E!,1
LeBron James And Other Sports Stars Who’ve Gone Hollywood – Tussball,1
SAG Awards 2018: Millie Bobby Brown Wears Converse Sneakers,1
Halsey Gushing About G-Eazy your heart will break: I love everything about him,1
"Brad Pitt And Angelina Jolie’s Divorce Stalls Again, His Relationship With Neri Oxman To Blame?",0
Rihanna gives a flash of cleavage at NYFW show,1
10 Times Kim Kardashian Was Absolutely Savage to Her Sisters on KUWTK,1
How to Wear Gingham This Spring,1
Coco Austin and daughter Chanel don mermaid bikinis in the Bahamas,1
Gwyneth Paltrow Poses Topless in Mud for Goop's First Issue,1
Media Wall vs Step and Repeat vs Logo Walls,1
Full List of Hip Hop Awards 2017 Winners,1
WATCH: Ryan Gosling tells how he saved jazz during 'Saturday Night Live' season kick off,1
Joanna Gaines on Why Expecting Her Fifth Baby 'Feels Like It's My First Time Being Pregnant',1
"Billy Bush Breaks His Silence on Trump, the 'Access Hollywood' Tape, NBC and a Comeback Plan (Exclusive)",1
Darren Aronofsky,1
See Meghan Markle (in Navy!) and Prince Harry Rush in for Princess Eugenie's Royal Wedding,1
"Ashley Benson Channels the Olsen Twins--Plus, Her Beauty Essentials",1
"Michael Strahan, Sara Haines Will Host ABC’s New ‘GMA’ Hour",0
WATCH LIVE: Tim Kaine and Corey Stewart meet for first U.S. Senate debate in Virginia,1
"Singer Tina Turner: “This Thanksgiving Is The First Time in 8 Years That I am Thankful For Our President, God Bless Him And His Supporters.” Do You Support To Tina ? – American President Donald J. Tru",0
Britney Spears,1
The Dad Bag,1
Gal Gadot Plays 'Box of Lies' On 'Tonight Show': Insert Lasso of Truth Joke Here,1
Gwen Stefani Is Still Smitten With Blake Shelton and 'Has Never Once' Tried to Change Him (Exclusive),0
Brad Pitt 'not in a relationship with Neri Oxman,0
The Estates of Carrie Fisher & Debbie Reynolds To Sell Home & Personal Items,1
Former reality star Jon Gosselin reveals how he celebrated his sextuplets’ big milestone birthday,1
Did Channing Tatum Cheat on Jenna Dewan? Actor Admitted He Struggled to Balance Work and Family,0
J Balvin Reveals If He’s Related to the Women in a Viral Video Claiming to Be His Aunts,1
Heath Ledger,1
Tyler Henry Speaks with Kristin Cavallari About Her Late Brother,1
Serena Williams Channels Hollywood Glamour at Her Star-Studded Rehearsal Dinner,1
The Latest: 'Three Billboards' wins best drama film Globe,0
Are Chloe Lukasiak & Maddie Ziegler Still Friends? The 'Dance Moms' Stars Have Been Through A Lot,1
Gordon Ramsay Says He Dropped Over 50 Lbs. to Save His Marriage,0
Erika Girardi Reacts to Eileen Davidson Exiting The Real Housewives of Beverly Hills,1
"Taylor Swift teases 2018 tour, creates ticket-buying initiative for fans",1
Mariska Hargitay Shines in Law & Order: SVU Sneak Peek: You Don't Mess With Mama Bear Benson,1
"Normani Kordei, Dancing With the Stars: Will Twisted Ankle Injury Affect DWTS",1
Watch: New ‘Mary Poppins Returns’ Featurette Goes Behind the Scenes of Disney’s Sequel,1
Justin Bieber & Selena Gomez’s Rekindled Romance Ended When ‘He Couldn’t Promise’ Her Marriage,0
Jennifer Lawrence,1
Serena Williams Shares Her 10 Favorite Videos of Daughter Alexis Olympia,1
WWE's Brie Bella Gives Birth: 3 Reasons Birdie Joe Is A Million-Dollar Baby,1
Amy Schumer's National Bikini Day 'Gram Is Everything,1
Celebrities Share Tributes to Victims of the Barcelona Terror Attack,0
Kate Middleton and Prince William May Be Celebrating Prince George’s Birthday on This Caribbean Island,0
"Nicky Jam: El Ganador, Starring The Singer Himself, Premieres on Netflix, But Not On Telemundo",1
Mike Tyson Offered SERIOUS Ca$h To Fight Russian Dictator Vladimir Putin,0
Brad Pitt Now Moonlighting in the Furniture Business,0
Ashton Kutcher has guys' night with 'That '70s Show' bros Wilmer Valderrama and Danny Masterson,0
"Jimmy Kimmel blasts Trump, Graham, Cassidy in 3rd night of attacks on Republican healthcare bill",1
"Even before Jenelle Evans’ gun incident, ‘Teen Mom’ had a controversial history",1
Jessie James Decker Gets Hot and Bothered Watching Eric Decker Do Yard Work on Eric & Jessie,1
Selena Gomez Pregnant With The Weeknd’s Baby & Racing to Marry? — Report,0
Khloe Kardashian & Tristan Thompson Splitting Up? Inside Their ‘Passionate’ Fights,0
Gwen Stefani Call Off Blake Shelton,0
Kim Kardashian apologizes for her controversial Aaliyah Halloween costume: 'We don’t see color in my home',1
"Inside Danica Patrick's Post-Racing Life: Love, Waffles, Building Her Brand and Bottling More of That Wine",1
Kim On Crumbling Marriage To Kanye: ‘We Did Absolutely Nothing’ For Our Anniversary,0
See Courtney Love Chew Scenery in Menendez Brothers Movie Trailer,1
Frances Bean Cobain hopes her dad would have been proud,1
Khloe Kardashian in awe of sister Kim Kardashian's 'best body ever',1
Rob Kardashian Shows Support for Ex Rita Ora During ‘Girls’ Backlash,1
Alicia Keys’ 3-Year-Old Son Is an Amazing Beatboxer — Watch the Cute Video!,1
Hottest Celebrity Gossip and Entertainment news in Ghana and Worldwide plus my lifestyle,1
Michael Phelps and Wife Nicole Throw Shower for '#BabyShark' No. 2,1
Why Kate Middleton and Prince William Don't Show PDA Like Prince Harry and Meghan Markle,0
This GIF of Game of Thrones' Jon Snow and Shrek's Donkey Will Leave You Shook,1
JayZ Dazed  Confused,0
20 Crazy Details Behind The Making Of Halloweentown,1
"Ryan Seacrest, 43, packs on the PDA with girlfriend Shayna Taylor, 26, during getaway in Italy",1
Newlyweds Pippa Middleton and James Matthews seen at LAX,1
Spice Girls,1
"This Labor Day, we need protests",1
Shawniece Jackson and Jephte Pierre Welcome Daughter Laura Denise,1
Scott Disick Is Reportedly Considering Writing a Kardashian Tell-All for $10 Million,0
Angelina Jolie Attending Royal Wedding  Speculation,0
Jennifer Aniston and Justin Theroux: The Real Reason This Celebrity Couple Split Up,0
Simon Cowell rushed to hospital after accident at his London home,1
"Watch Jenna Dewan-Tatum Totally Gush Over Husband Channing Tatum: ""I'm So Proud of Him""",1
Ariana Grande and Pete Davidson: a timeline of their relationship,1
Kerry Washington Loves Being Part of the Pixar Family Even If Her Kids “Don’t Get It” Yet,1
Kaskade’s Pool Party Dos and Don’ts: Don’t Be the Guy in Elmo Floaties,1
Manchester bomber is linked to Brussels 'Man in the Hat',1
Rumor Bust! Katie Holmes Did NOT Breakup with Jamie Foxx for Joshua Jackson,0
Chanel Iman and Sterling Shepard Are Expecting a Baby Girl,1
Paris Hilton thinks she could be like Princess Dianna if not for sex tape,1
Jay-Z admits his marriage to Beyoncé wasn’t '100% truth',1
"Jennifer Lopez, Alex Rodriguez raise $35 million for Puerto Rico",1
US report: ‘Kim Kardashian announces divorce’,0
Rihanna And Hassan Jameel Romance Timeline,0
Kate Middleton Wears an Emilia Wickstead Plaid Skirt at the RAF Christmas Party,1
The “Manus x Machina” Experience,1
Stephen Colbert To Be Jimmy Kimmel’s Guest On Thursday Night,1
Chris Harrison on His Next Big Step and If We'll Get Another Bachelor Out of 'Paradise' (Exclusive),1
Dancing With the Stars' Movie Night Doesn't Give One of Its Couples a Hollywood Happy Ending,1
Find Out Which of The Real Housewives of Orange County Won't Be Returning,1
Hugh Hefner,1
"Jay-Z leaves nightclub staff $11,100 tip but people aren't happy",0
Brad Pitt Getting Married,0
ESPYS Voting: Best Male Athlete,1
"Happy Anniversary, John Krasinski and Emily Blunt! Relive Their Cutest Moments",1
"‘American Idol’ Renewed For Season 2 By ABC, Judges & Host Ryan Seacrest Set To Return",1
'Grey's Anatomy': The Unexpected Way Sara Ramirez Returned in the Season 14 Finale,1
Kristen Bell’s “Frozen” Promposal Made Dreams Come True,1
‘AHS: Apocalypse’ – The Biggest Questions That Need to Be Answered in the Finale,1
"Gwen Stefani Got Dumped by Blake Shelton Over ""Jealousy and Drama"" (EXCLUSIVE)",0
The Best New Beauty Products This Week,1
Jennifer Lopez NOT Engaged To Alex Rodriguez  Despite Ring Speculation,0
Khloe Kardashian has given birth to a girl and here's what you need to know about her possible name,0
Connecting People Through News,0
See Every Celebrity at the Royal Wedding of Prince Harry and Meghan Markle,1
"What to Do With NSFW SavagexFenty Xccessories, According to Rihanna",1
"Have You Seen ""Bonus Jonas"" Frankie Jonas Lately?",1
David and Victoria Beckham Shut Down Divorce Rumors,0
Most Talked-About Moments From the 2018 Super Bowl,1
Kim Kardashian Dyes Pink Hair Brown Before Khloe Kardashian's Baby Shower,1
Ryan Phillippe on ex-girlfriend's lawsuit: 'Every one of my accuser's allegations is false',0
Tom Brady Kisses Gisele in Costa Rica After Super Bowl Loss,1
Michelle Obama To Release Memoir In November « CBS New York,1
Natalya tells all on Total Divas Season 7,1
Gotti (2018 film),0
"Singer Halsey, 23, Is Freezing Her Eggs Because of Endometriosis: 'I Need to Be Aggressive'",1
SZA’s Debut Album ‘Ctrl’ Has Gone Platinum,1
These Golden Globes Looks Made A Statement — & Cost Less Than $12,1
Winners & Nominees by Category,0
BAFTAS Winners List 2017 ,0
05/27/99 Committee on the Judiciary,1
Pregnant Khloe Kardashian Hits Up Tokyo With Kim & Kourtney For Sisters Trip,1
Looks Like Sophie Turner & Joe Jonas Are Seriously Committed,0
Let Astrology Help You Discover Your Best Spring Fashion Trend,1
The Flash Season 5 Trailer Features Cicada and a Surprise Visit From Barry’s Daughter,1
12 Wedding Gowns From TV and Film That Would Be Heavenly at the Met Gala,1
Watch Ellen DeGeneres scare the crap out of Sam Smith in Halloween prank,1
Jennifer Lawrence Says ‘Mother!’ Led to Darren Aronofsky Split,0
Rihanna Has A 'Blowout Fight' With Hassan Jameel Over Her Smoking Weed,0
Keeping Up with the Kardashians,1
U.S. Senator John McCain,1
Alpha Male Madness 2018: Vote in the Elite 8,1
Bachelor’s Bekah Martinez: I Saw Arie After My Elimination,1
The picture that proves Meghan Markle and Prince Harry aren't having children quite yet,0
President Obama cried while dropping off Malia at Harvard: 'Like open-heart surgery',1
Kanye West Posts Tribute To Lamar Odom: Is He Dissing Tristan Thompson For Cheating On Khloe?,0
Fox News' Shepard Smith: 'Why is it lie after lie after lie?' on Russia meeting,0
"Ryan's plan includes $700 billion in Medicare ""cuts,"" says Stephanie Cutter",1
"Most heroin in U.S. now comes across Mexican border, Rob Portman says",1
"Gigi Hadid Sends Love to Taylor Swift After Attending Reputation Tour: ""I'm So Proud""",1
Johnny Depp Sued by Ex-Bodyguards for Unsafe Working Conditions and Unpaid Wages,1
Ellen DeGeneres cries after receiving the ‘best birthday gift’ from Portia de Rossi,1
"Debunking the week's tabloid stories: July 6, 2018",0
Khloe Kardashian Done,0
Dream Kardashian gets into Halloween spirit in new photos,1
The Crown season 3: First look as Helena Bonham Carter as Princess Margaret,1
"Steve Harvey said he doesn't apologize for his brutal staff rules, which include 'do not attempt to walk with me' and 'do not wait in any hallway to speak to me'",1
"Before You See Jurassic World: Fallen Kingdom, You Need to Watch This Rap Recap",1
Dua Lipa Points out Sexism in the Music Industry with British GQ,1
Hollywood Celebrates Harvey Weinstein Academy Expulsion With Online Glee,0
Paul Rudd Loves Showing His Kids Inappropriate Movies,1
"The Arrangement's Kyle West Has Four Words for All the Haters Bashing His New Movie: ""Let Them Eat Cake""",1
"Tyler Henry Connects Coco to Her Late Grandmother, Who Makes a Joke About Her &quot;Sexual&quot; 2011 Song &quot;Shoe Freak&quot;",1
California Adventure: Pixar transformation will close California Screamin',1
Kourtney Kardashian Pregnant With Baby 4,0
The Good Place Recap: True North,1
Robert Pattinson Desperately Wants Bond Kristen Stewart,0
Selena Gomez and Her 'Wizards of Waverly Place' Brother David Henrie Returned to Disney for Fourth of July,1
Tony Awards 2017: Complete List of Nominations,1
‘Big Brother’: CBS Responds To “Inappropriate Behavior & Offensive Comments” By Cast Members,1
Public financial disclosure report,1
"New on Netflix in March 2018: ‘Jessica Jones,’ ‘Collateral,’ ‘Benji’",1
Did Charlie Heaton & Natalia Dyer Break Up? ‘Stranger Things’ Couple Reportedly Split Before Season 3,0
Big Bang Star Kaley Cuoco’s Love Of Wine Leads To Awkward Incident,1
Billboard Awards: Jenna Dewan dominates the red carpet,1
When Does 'The Bold Type' Return? A New Season Is Definitely In The Works,1
Did Miley Cyrus and Liam Hemsworth secretly get married?,0
Sam Hunt on the 'Spiritual Strength' of Married Life: 'I Feel a Little Bit Taller' Wearing My Wedding Ring,1
Selena Gomez Believes Justin Bieber Is Her ‘Soulmate’ & They’re Destined To Be Together,0
La La Anthony and husband Carmelo 'reconcile' almost two years after calling it quits,1
Transformation! 'Cement Face' Woman from 'Botched' Debuts New Look,1
Royal baby: Prince William and Duchess Kate's new prince is named Louis Arthur Charles,1
Sofia Vergara Confirms Husband Joe Manganiello Is a Not-So-Secret Nerd,1
"Despite Report — Blogs, Pictures, and more on WordPress",0
"""Hot Felon"" Jeremy Meeks' Wife Tears Up In Emotional Interview About Chloe Green Cheating Scandal",1
Khloé Kardashian 'wants to marry Tristan Thompson' amid reports she is spending 'quality time in Cleveland',0
Jenna Dewan's $6 natural eyebrow hack,1
Rachel Bloom Bought Her Gucci Dress for the 2017 Emmy Awards,1
Demi Lovato 'Beat Shazam' Episode Pulled From Fox Schedule After Overdose Report,1
John Mahoney,1
On the New Roseanne and Queer Spectatorship,1
Photos: Preparations for the royal wedding of Prince Harry and Meghan Markle,1
Why Nikki Bella Hid Her First Marriage from John Cena — and How He Reacted When He Found Out,1
The Real Housewives of Orange County,1
What is James Van Der Beek doing in What Would Diplo Do?,1
Cameron Diaz,1
Selena Gomez shares photo from date night with The Weeknd,1
Nancy Juvonen,1
Emma Watson donates £1 million to anti-sexual harassment campaign,1
Donal Logue's missing transgender daughter is found,1
‘I will not be shamed’: Actor Terry Crews details his alleged sexual assault,1
Cole Sprouse and Lili Reinhart's Relationship Timeline,1
Kate Middleton: Is She Pregnant With Twin Girls?!,0
15 Things You Might Not Know About Finding Nemo,1
Brad Falchuk Net Worth,0
Gisele Bundchen shares shot of Tom Brady decorating tree with daughter Vivian,1
Introducing 3 easy DIY natural toners,1
Janet Jackson Visits Hurricane Harvey Victims After Kicking Off State of the World Tour,1
‘I miss the old Kanye’: what has happened to rap’s most complex star?,0
Revenge star Ashley Madekwe shows off legs in cut-off vintage denim hotpants,1
A Helpful Guide To The Khloé Kardashian And Tristan Thompson Cheating Scandal,0
SAG Awards 2018 In Memoriam Honors David Cassidy,1
Prince William May Have Just Revealed the Gender of His and Kate Middleton's Third Child,1
Emily Blunt joins Disney's 'Jungle Cruise' where she'll drink tequila with The Rock,1
Elizabeth Hurley gushes over Jennifer Lawrence's look-a-like Versace,1
Is Kate Middleton having twins? Prince William had this to say - what is the likelihood?,0
Is there a Britney Spears Sex Tape?,0
Nicole Kidman proves she can clap normally after THAT seal-like Oscar mishap had the internet in hysterics,1
A Complete List of Who Lives and Dies in Avengers: Infinity War,1
Gwen Stefani Reveals the Hilarious Christmas Gift She’s Getting Blake Shelton,1
The Kardashians are ‘desperately’ trying to rescue Kylie Jenner’s new show after it’s slammed as ‘the fakest reality show ever’,0
Sarah Jessica Parker's Favorite Sex and the City Memories,1
It’s Time for the Senate to Do Its Job – Congressman Mike Honda – Medium,1
"Latest news, views, gossip, pictures, video",0
‘Bachelor in Paradise’ Returned for Season 4 With Some of Its Highest Ratings Ever/ Full Episode.,1
Lisa Rinna's daughter Amelia Gray Hamlin reveals battle with anorexia,1
Khloe Kardashian Slams ‘Revenge Body’ Contestant’s ‘Fake’ Crying: ‘That Tear Was Perfect Acting’,1
"Kasich: “If A Woman Is Not Intelligent Enough To Keep Her Legs Closed, How Can We Entrust The Abortion Decision To Her?”",0
Savannah Chrisley on Split from Luke Kennard: 'I Dodged a Bullet',1
Ramona Singer Performs Kelis’ ‘Milkshake’ on ‘Lip Sync Battle’,1
Orlando Bloom's Son Has Cutest Reaction To Seeing Pirates Of The Caribbean For First Time,1
"Relive Jessie James Decker and Eric Decker's Sexiest Eric & Jessie Moments: Makeout Sessions, Bubble Baths and More!",1
Darnell Nicole Gets Some Shocking News About Her New Beau in Wags Miami Sneak Peek: ”That is Somebody I Used to Smash!”,1
Leslie Jones (comedian),0
"Jamie Dornan, Dakota Johnson Horrible In Bed: Forced To Reshoot Entire ‘Fifty Shades Darker’ – Sex Scenes Were Catastrophic!",0
"Blake Shelton: What He Really Thinks of The Gwen Stefani Split Rumors, Says Source",0
Jennifer Aniston Joins Sandra Bullock and Bryan Randall for Dinner -- See the Pics!,1
"Alyssa Milano, Viola Davis and more stars speak at the 2018 Women's March",1
Tina Fey plays a game involving two E.T.s recreating the Ghost pottery scene,1
Alan Thicke's Widow Says 'We Were Planning on Having a Baby' Prior to Growing Pains Star's Unexpected Death,1
"So Long, Acting! Liam Hemsworth Has His Heart Set On A Modeling Career",0
Official Web Site,1
Amber Rose sleeps through 4-hour home invasion,1
"Takeaway Curry, Game of Thrones and Elaborate Disguises: The Young Royals' Life at Kensington Palace",1
Beyonce Stylishly Celebrates JAY-Z’s Birthday Following His Infidelity Admission,1
Shia LaBeouf tweets apology: 'I am deeply ashamed of my behavior',1
Prince Harry & Meghan Markle Relationship Timeline,0
Justin Theroux,0
"Hilarie Burton, Jeffrey Dean Morgan welcome 'miracle baby' in honest post about fertility",1
First Look at Ryan Murphy's New FOX Series '9-1-1',1
"Serena Williams is pregnant, shares baby bump pic at '20 weeks'",1
‘MAFS’ Stars Jamie Otis And Doug Hehner Land A Spin-Off,1
Rod Stewart says Elton John's farewell tour is 'dishonest' and 'stinks of selling tickets',1
Gwen Stefani Has 'Best Thanksgiving' With Blake Shelton - See the Sweet PDA Pic!,1
Celebrities Thank Barack Obama On Last Day As President,0
Kim Kardashian Thinks North West Would Make a Better President Than Trump,1
GQ mocks Vanity Fair's photoshop fail with spoof cover,1
"Fact-Check: No, Fall River, Massachusetts, Was Not ‘Built by Immigrants’",0
[Spoilers S4] Post Episode Discussion: S4E04- “A Lie Guarded” : The100,1
‘Grey’s Anatomy’ star gets engaged to longtime boyfriend,1
"Miley Cyrus: ""Wherever I am, my f**king voice is gonna be heard""",1
Kylie Jenner JEALOUS Of Ariana Grande! Wants Travis To Propose IMMEDIATELY!,0
Ryan Phillippe's Ex Demands $12k for Him Not Turning Over Reese Texts,1
"Botched Patient Lauren Has PTSD From Being Awake During a Bad Nose Job: ""I Remember the Whole Thing""",1
Victoria Beckham  David Beckham Splitting Over Bella Hadid ,0
The Bachelor Recap: Age Ain't Nothing But An Oh My God,1
Donald Trump Jr. releases email exchange: Celebrities on Twitter react,0
"Debunking the week's tabloid stories: Dec. 22, 2017",0
Victoria Beckham Is 'Upset' About Brooklyn Beckham Attending University In New York,1
Kim Kardashian shares first photo with all three children,1
Nikki Bella Is Left Feeling 'Confused' After Watching John Cena's Emotional Today Show Interview,1
How Much Alec Baldwin Makes Per Episode For Portraying Trump On SNL,0
"Katy Perry, Calvin Harris, Pharrell vibe on the beach in ‘Feels’ video",1
"All-black 2018 Pirelli Calendar stars Naomi, Diddy, RuPaul",1
Princess Diana Is ‘Helping’ Prince William And Kate Middleton Raise Their Children,1
"Young Dumbledore, Grindelwald star in new Fantastic Beasts sequel photos",1
Jim Carrey: 'The Illuminati is Brainwashing Children into Worshipping Satan',0
Lance Armstrong's defiant Twitter photo shows him relaxing with seven yellow jerseys,0
"Stephen Colbert announces $1 million #PuberMe donation to Puerto Rico with help from Lin-Manuel Miranda, Nick Kroll",1
Maddox Jolie Pitt Reportedly Begging To Live With Brad Pitt Instead Of ‘Instigator’ Angelina Jolie,1
Candice Swanepoel reveals her post-baby body in bikini,1
» This Celeb Fashion Trend Is Growing at Nascar-Level SpeedNascar Site,1
"Inside Nicole Kidman's Long, Winding Road to True Happiness",1
"Kylie Jenner Gives Glimpse at Daughter Stormi's Nursery - and Yes, Butterflies Are Involved",1
Serena Williams' Royal Wedding Reception Look Has Us in Awe Once Again,1
Expanding Opportunity — #KempForum16 – Paul Ryan – Medium,1
Property Brothers' Jonathan Scott Reveals Why He's Not on Dancing with the Stars with Drew,1
The Challenge's Ammo Reveals He Was Raped By a Former Partner,1
Drew Barrymore Talks 'Honest' Friendship With Cameron Diaz: 'We Push Each Other' (Exclusive),0
Eva Longoria is heartbroken as her beloved dog Jinxy passes away in her arms after a stroke,1
Miley Cyrus and Liam Hemsworth Have Date Night at Elton John's Final Vegas Concert,1
Vets for Trump Facebook page,0
WWE Touts Success Of Bella Twins’ YouTube Channel,1
Margot Robbie Had a Hilariously Embarrassing Encounter with Obama on Her Honeymoon,1
Kate Winslet Reveals Whether She&#39;ll Work With Leonardo DiCaprio Again,1
The New York City Townhouse Julianne Moore Calls Home,1
John Stamos Adorably Kisses Caitlin McHugh's Baby Bump on 2018 SAG Awards Red Carpet: Pic!,1
Did Katie Holmes Call Tom Cruise & Demand He See Suri For The First Time In 4 Years?,0
Issa Rae to Host 2018 CFDA Awards,1
Donald Glover Compares Himself To The “Modern Day Tupac”,1
Tinsley Mortimer,1
Below Deck's boat sinks in the Caribbean while filming,1
Halsey and G-Eazy’s Cutest Moments as a Couple (PHOTOS),1
The Bachelorette's Rachel Lindsay shows off svelte waist,1
Nikki Bella Struggles to Get Into the Bachelorette Spirit on Total Bellas: ''I'm Too Old for All That'',1
Justin Timberlake Wears Stella McCartney at Super Bowl Halftime Show,1
Gigi Hadid pulls out of Victoria's Secret Fashion Show following 'racist' Buddha Instagram video,0
"Aaron Carter arrested for DUI, possession 3 weeks after Syracuse 'health issues'",1
Brooke Burke Files for Divorce from Husband David Charvet After 6 Years of Marriage,1
Tonya Harding,1
Are Brad Pitt and Jennifer Lawrence dating?,0
Carrie Fisher Once Sent a Cow's Tongue to a Producer Who Allegedly Assaulted Her Friend,1
Prince Charles demanded the Queen get rid of her favourite courtier,1
Ellen DeGeneres and Portia de Rossi Exchange Loving Anniversary Tributes in Celebration of Nine Years of Marriage,0
Eva Longoria Says 'Everything's Uncomfortable' in Pregnancy,0
Comment on Jennifer Aniston Is Reportedly Heartbroken Over Justin Theroux’s Plans To Move In With Emma Stone by Jackie,0
Janelle Monáe Frees Herself,1
"Sofia Vergara reveals her Instagram was hacked, warns fans not to fall for scam",1
"Angelina Jolie has a ‘dirt diary’ about Brad Pitt’s boozing,violent rages and volatile behavior, source claims",0
Mary-Kate Olsen bonds with boyfriend Olivier Sarkozy's young daughter during shopping trip,1
The best Black Friday and Cyber Monday deals: 100 things still on sale today,1
The pictures that have fans convinced Katie Holmes is pregnant,0
10 things you never knew about Victoria’s Secret Angel Sara Sampaio,1
Kanye West Reportedly Refuses To Change Chicago’s Diapers & Kim Is Furious With Him,0
"Zoe Saldana's $8 go-to for dry, chapped winter lips",1
Nacho Fries,1
Bristol Palin and Estranged Husband Dakota Meyer Celebrate Easter Together After Split,1
Kevin Hart Refuses to Let Tiffany Haddish Pay Back $300 Life-Changing Loan,1
LaLa Anthony Says She's Not Divorcing Carmelo Anthony,1
Did Kanye West Have Any Influence On Kim Kardashian’s New Makeup Line? She What She Has To Say About It!,1
Why Nikki Bella Hid Her First Marriage from John Cena — and How He Reacted When He Found Out,1
Tristan Thompson,1
Gayle King ‘winced’ at Stephen Colbert’s Charlie Rose jokes but sat for an interview anyway,1
Nicole Richie & Beauty Vlogger NikkieTutorials Swap Makeup Tricks,1
Teen Mom: Catelynn Baltierra Unleashes Divorce Fears,1
Grab a golden shovel and dig through part 5 of Twin Peaks,1
Kylie Jenner reveals her baby daughter's name is Stormi,1
Birthday Suit! Celebrate Kim Kardashian's 37th B-Day With Her Sexiest Naked Pics,1
15 TV shows that were canceled because of controversies,1
Taylor Swift's Stalker Sentenced to 10-Year Probation and GPS Monitoring,1
Kate Spade Dead at 55: Stars React to Fashion Designer’s Death,1
Emily Blunt Recalls Crying the Whole Way Home After Getting Meryl Streep's Stamp of Approval,1
Watch Out King Robert! A Coup Is Underway on The Royals and the King Is on the Chopping Block,1
Why Tracee Ellis Ross Kept Her Distance From SZA at the Met Gala,1
Jay-Z Stops Concert to Meet Two-Time Cancer Survivor: Pics!,1
"‘All men must die, but we are not men’ – Game of Thrones (S06E03)",1
Katie Holmes enjoys an economical ride on the New York City subway,1
Demi Lovato no longer cares what the haters say about her swimsuit Instagrams,1
Connecting People Through News,0
Trump Removing Marines From the Navy,0
Brooklyn Nine-Nine saved by NBC: 2018’s TV cancellations and renewals,1
'Bachelor' Ben Higgins' Advice for How Arie Luyendyk Jr. Should Handle His Messy Ending (Exclusive),1
Why Hoda Kotb Isn’t Making Matt Lauer’s Salary – Variety,1
Taylor Swift Reveals Her “Worst Nightmare”,1
‘Bright’ Director David Ayer Had an Unexpected Reaction to a Bad Review,1
"Sterling K. Brown’s Golden Globes Speech Was So, So Moving — Just Like Everything Else He Does",1
Alignment Test,1
"Why Celebrities Like Blake Shelton, Nicole Kidman and Blake Lively Left Hollywood",1
The Surprising Place Olivia Wilde Wears Cannabis Oil.,1
Playboy mansion sold to Twinkies owner,1
"Bella Hadid and The Weeknd Seen Kissing at Coachella, Secretly Dating Report",1
Greek Creator Laments Freeform's Puzzling Decision to Scrap Reunion Movie: 'I'm Obviously Disappointed',1
Justin Bieber & Selena Gomez Reportedly Searching For ‘Dream Home’ Together,0
Robert Buckley and Jenny Wade announce marriage,1
Bella Hadid Set the NYFW Street Style Standard With This Look,1
OBAMA’S PRIVATE ‘SECURITY’ COMPANY SETS UP MASSIVE CAMPS OUTSIDE 3 MAJOR CITIES,0
Allison Janney reveals how Anna Faris is handling her split from Chris Pratt,1
"Here's a Timeline of Selena Gomez & Justin Bieber's Rocky Relationship, From Start to ...Finish?",0
Stranger Things,1
Michelle Pfeiffer dropped out of Sex and the City 3,0
Paris Jackson Pays Tribute to Godfather Macaulay Culkin on His 38th Birthday,1
Ultimate Pop Diva Tournament: Vote for Which of the Final Two Ladies Deserves to Take Home the Title,1
Beware cheaters: Your lover's spouse can sue you,1
Evan Ross Reveals He Thinks Ashlee Simpson Ross' Old MTV Reality Show Is the Sweetest Thing in the World on Ashlee and Evan,1
Jessica simpson and ashlee simpson ross' kids steal the show with 4 generations on the red carpet,1
FX Pulls the Plug On Marvel’s Deadpool Animated TV Series From Donald Glover,1
OJ Simpson's son Justin is all smiles at Florida Walmart,1
"In Weekly Republican Address, Boehner Calls For “New Way Forward” Focused on Creating Jobs, Cutting Spending, & Reforming Congress",1
Chris Pratt Welcomes a New Cow to His Farm: ‘Love at First Sight’,1
9 ways your job is nothing like ‘Grey’s Anatomy’,1
14 Signs Bella Hadid and The Weeknd Are Getting Back Together,1
"Oscars 2018’s big winners, best moments as ‘Shape of Water’ takes the night",1
The Best Brow Products for Red Carpet-Level Makeup,1
'Bachelor' Alum Peyton Lambton Gives Birth to Second Child With Husband Chris,1
Liam Payne goes solo to drop remix of Cheryl’s track ‘I Don’t Care’ – listen here,1
"Here's How to Recreate Kim Kardashian and Kourtney Kardashian's Mexico Getaway for a Whopping $122,000",1
Jennifer Lopez and James Corden mimic kid's dance moves,1
Blac Chyna’s ex Mechie says it’s him in the leaked sex tape,1
'OITNB': How Every Inmate's Season 6 Journey Ended,1
Ronnie Ortiz-Magro Reveals Name of Newborn Daughter,1
Nicki Minaj Stands Out From the Crowd at Basketball Game in Bondage Look,1
A Teen Bradley Cooper Wrote An Article About Hooking Up With His BFF,1
Selena Gomez ‘Not Looking’ To Compete With Justin Bieber In Finding A Rebound Romance,0
"Caitlyn Jenner and O.J. Simpson Are Set to Reunite on TV: ""It Would Be Fascinating!"" (EXCLUSIVE)",0
6 things you missed at the 2018 Critics' Choice Awards,1
The Song in Your Heart,1
Kylie Jenner’s Bike Shorts Are Now $70 – Christian Welch – Medium,1
Kendra Wilkinson Posts Birthday Tribute to Hugh Hefner,1
"David Plouffe, Sen. Joe Lieberman and Gen. Michael Hayden talk national security leaks",1
Mariah Carey Reportedly Proposed To BF Bryan Tanaka With Super Romantic Song: Wedding Plans Revealed,0
Lilly Ghalichi Net Worth,1
Yuletide Chaos Reigns in the NSFW ‘A Bad Moms Christmas’ Trailer,1
Pregnant Claire Danes Says Filming ‘Homeland’ During First Trimester Was 'Embarrassing',1
Trailer | The Royal Wedding: Prince Harry & Meghan Markle | Royal Wedding Watch,1
Goodbye Dr. ...! Find Out Which Grey's Anatomy Character Says 'I Quit' in Fiery Season 13 Finale,1
The Female Pop Prodigies Taking The World By Storm,1
Jay Leno Takes Over 'Tonight Show' Monologue To Tell Sexual Harassment Jokes,1
Trevor Noah shuts down fake death rumours - again,0
Kylie Jenner Is Already Planning Stormi's 'Epic' First B-Day Party,1
"Ronnie Ortiz-Magro, Jen Harley Celebrate July 4 Together After Arrest",1
Meghan Markle and Prince Harry wedding drama FAQ: All the gossip you really want to know,0
"Nicole Kidman, James Franco, Milo Ventimiglia Belt Out Spice Girl's 'Wannabe' for the Song's 21st Birthday (Video)",1
Mills-Peninsula Bariatric Surgery Programs,1
David and Victoria Beckham Show PDA at Fashion Show After Slamming Divorce Rumors,1
Kevin Smith 'Feeling good!' and back home recovering after that massive heart attack,1
Brunette Hair Color Tips from Kristen Stewart’s Breaking Dawn Hair Pro,0
Actor Julia Louis-Dreyfus completes second round of chemo,1
Channing Tatum Pens Powerful Letter for Daughter Everly & Shares the One Thing Men Wish Women Knew,1
Jessica Alba's breastfeeding selfie sums up what it's like to be a mom,1
Jennifer Lawrence and David O. Russell Are Not Dating,0
Wonder Woman final trailer: Can Gal Gadot’s superhero movie save the DC Universe?,1
A look back at Brad Pitt's true romances following Angelina Jolie divorce,0
Vanderpump Rules Star Jax Taylor's Dad Ronald Dies After Cancer Battle: 'My Heart Is Broken',1
Traitor! Kim Kardashian’s Family ‘Furious’ Over Meeting With Donald Trump,0
Angelina Jolie: ‘I don’t enjoy being single’,0
‘Dawson’s Creek’ Boss: Joey and Pacey Would Be Divorced Today,1
Robert Pattinson & Kristen Stewart Reportedly In Talks For 1st Movie Together Since ‘Twilight’,0
"Ellen DeGeneres Bio, Age, Married, Husband, Daughter, Partner, Salary and Net Worth",0
Bill O'Reilly is 'mad at God' for sexual harassment scandal,1
Nia Jax on Promoting a Positive Body Image in Her Return to 'Total Divas',1
Eric Decker and Jessie James Decker Welcome Son Forrest Bradley,1
Jennifer Aniston & Justin Theroux are done after two years of marriage,0
"The Bill Cosby trial, explained",1
‘The Rock’ Bags $1M to Promote New Film on Social Media,0
LITTLE MIX & CNCO PREMIERE MUSIC VIDEO FOR “REGGAETÓN LENTO (REMIX)” -,1
Jay-Z and Beyonce Don’t Like Kim Kardashian – Will It Ruin Her Relationship with Kanye West?,0
The page you're looking for may have been moved or renamed,1
Drake throws bar mitzvah-themed 31st birthday party,1
"Madison Beer denies dating Brooklyn Beckham but admits they're ""having fun right now""",1
How A Speck of Dust Helped Sarah Silverman Deal With Personal Loss,1
Best TV Shows To Binge Watch This Summer,1
Shania Twain Joins The Voice Season 12 as Key Advisor,1
Ashley Monroe and John Danks Welcome Son Dalton: Pics,1
Jennifer Garner Shares Why She Won't Post Photos Of Her Kids On Social Media & It Makes Complete Sense,1
Kim Kardashian uses shaving cream in another surprisingly helpful way,1
Connecting People Through News,0
"Kylie Jenner & Khloe Kardashian Share Odd Pregnancy Cravings: Peanut Butter, Pickles & More",0
Justin Bieber’s Gym Ban Lifted,0
Savannah Guthrie Weighs In on Megyn Kelly's First Week at Her New Job - E! Online/page-3,1
"Bachelor in Paradise's Dean Unglert Asks Kristina Schulman to Dissect Their Split in ""Sufficiently Awkward"" Phone Call",1
Gwen Stefani & Blake Shelton: How Janet Jackson Has Inspired Her To Have Another Baby,0
Sarah Hyland’s Boyfriend Wells Adams Cheers Her On From Afar After She Returns Home From The Hospital,1
'Sons of Anarchy' actor Alan O'Neill dies at 47,1
ABC News: ABC News,1
"How Well Do You Know The Bachelorette, Rachel Lindsay?",1
Brandi Glanville Has a Very Unusual Nickname for Her Grandma and We Don't Know How to Feel,1
10 Famous Fathers Over 50,1
Dan Reynolds Net Worth,1
"Erykah Badu, In Conversation",1
"Rob Kardashian, Blac Chyna settle part of their toxic dispute",1
Tobey Maguire,0
Chloë Moretz 'wanted to hide' after Brooklyn Beckham split,1
MTV is bringing back 'Jersey Shore' with a reboot in 2018,1
Super Bowl commercials,1
Royal Wedding Countdown: Meghan Markle Preparing for Her Big Day With the Help of Designer and Aide,1
Russell Crowe slams claims he's 'dating' Sophia Forrest,0
31 Celebrities Who Are Still Friends with Their Exes,1
Selena Gomez Reveals She Had a Kidney Transplant,0
Tamra Judge Shares Post-Facelift Photos: 'I Was Scared S**tless',1
Justin Timberlake Kisses Eiza González in Futuristic 'Supplies' Video: Watch!,1
Total Divas (season 7),1
Eric Decker said wife Jessie James Decker 'did great' with national anthem,1
Pier 39 Terrorist Was an Anti-Trump Antifa Supporter,0
"Gasp! Kylie Jenner Is ""Over"" One of Her Signature Beauty Tricks",1
Women in Hollywood Share Stories of Sexual Abuse in the Entertainment Industry,1
"Prince William Says He Is Still ""Working On"" a Name for the New Royal Baby—But It May Have Accidentally Been Revealed",1
"Celebrities with tattooed eyebrows, including Helen Mirren, Coleen Rooney & Michelle Keegan",1
Why Bachelor Fans Are So Obsessed with Ashley Iaconetti and Jared Haibon's Long-Awaited Romance,1
"Celebrities slam Trump decision to end DACA as 'callous,' 'disgusting,' and a 'grave mistake'",0
Once Upon a Time photos: Emma reunites with Hook and Henry,1
Paris Jackson ’ s Family Trying To Send Her Back To Rehab  Report,0
Jennifer Garner ‘dating someone new’ after finalizing Ben Affleck divorce,1
Serena Williams' Pregnancy Cravings May Surprise You,1
Veep stars respond to Australian MP who knocked himself out laughing at episode,1
Jonas Brothers and Other Celebs Party at Pre-2018 Grammys Bashes,1
All Justin Bieber Wants Is to Get Back Together With Selena Gomez,0
"Donald Trump Is Not Welcome at ‘Harry Potter and the Cursed Child,’ Says Play’s Hermione",0
"Alyson Hannigan, Alexis Denisof Marriage NOT “On The Rocks,” Despite Report",0
Gal Gadot teases Wonder Woman 2 in deep-dive interview,1
Amber Heard addresses her sexuality: 'I don't identify as anything',1
How to Watch the 2018 Golden Globes for Free,1
'Power Rangers' Cast Lobbying for a Female Green Ranger in Sequel,1
"Heather Locklear arrested for attacking cop, EMT",1
Marilyn Manson Injured During Onstage Prop Accident At New York Concert,1
"Kristen Bell Performs 'Frozen' Songs at Hurricane Irma Shelter, Continues to Rescue Co-Stars' Families",1
Teen Mom 3 Alum Mackenzie McKee's Mom's Cancer Has Spread,1
Ariana Grande pens powerful essay after terrorist attack at her Manchester concert,1
"Kylie Jenner and Travis Scott on Love, Making It Work, and the Kardashian Curse",1
21 best Selena Gomez Hollywood Life images on Pinterest,0
Remarks by the President at CNBC Town Hall Discussion on Jobs,1
Billy Bush,0
WWE 'Total Divas' Star Nikki Bella on Twin Sister Brie's Pregnancy,1
"Beyonce, Shawn Mendes & More Stars Tweet Support For Earthquake Victims in Mexico City",0
Brooklyn Beckham gushes over Chloe Moretz in sweet snap,1
  Kris Jenner Jenner NOT Writing Revenge Memoir Revenge Memoir About Caitlyn  Despite Report,0
Ariana Grande performs new single with Jimmy Fallon's Nintendo Labo instruments,1
Radio Disney Music Awards 2018: Complete List of Nominations,1
"Chris Pratt Jokes That His Son ""Doesn't Like Him as Much"" as the Rest of the Avengers: Infinity War Characters",1
Han finds out Chewbacca’s age in new Solo: A Star Wars Story trailer,1
"Jimmy Fallon, Backstreet Boys Sing ""I Want It That Way"" (Classroom Instruments)",1
Britney Spears ‘Angry’ Over Child Support Battle,0
"Russell Crowe Not Pursuing Nicole Kidman, Despite Report",0
List of Marvel Cinematic Universe films,1
Nicki Minaj Embarrassed,0
"Enquirer: Jennifer Garner is dating a lawyer, she introduced him to her family",0
Jennifer Aniston's spokesman denies reports the 47-year-old actress expecting 'miracle baby',0
"Obama for America TV Ad: ""Firms""",1
"Once Upon a Time: Ginnifer Goodwin, Josh Dallas, Emilie de Ravin, Jared Gilmore exit",1
Famously Single Recap: The Cast Hosts a Wild Mixer That's Full of Drama—Of Course,1
What Happens to Ryan Murphy's Shows on FX?,1
Wednesday Wake-Up Call: Steven Spielberg tells Carl's Jr. to cease and desist with its 'SpielBurgers',1
Have We Noticed That Every Time Drake Dates a Woman He's Not Really Dating Her?,0
Brad Pitt Misses Seeing His Kids As He Goes Back To Work For First Time Since Angelina Jolie Split,0
10 Stunning Details You Need to See From A Wrinkle in Time Premiere,1
"Led by Aly Raisman, more than 140 Larry Nassar victims accept Arthur Ashe Courage Award at ESPYS",1
Jay-Z Talks About Current Relationship With Kanye West: ‘He Knows He Crossed the Line’,1
"Zayn Malik Fans Think Sofia Jamora in His ""Let Me"" Video Looks Like Ex Gigi Hadid",1
Reese Witherspoon Reveals She Was Sexually Assaulted by Director When She Was Just 16,1
Gypsy (TV series),1
Oprah Winfrey Reveals Why She Won't Marry Stedman Graham,0
15 Denim Skirts to Snag for Summer,1
The first look of Renee Zellweger as Judy Garland in 'Judy' will send you over the rainbow,1
"Rebel Wilson Jokes That She, Too, Secretly Got Married in Hilarious Birthday Post",1
Big shoes to fill! AnnaSophia Robb swaps her high heels for comfy UGG boots on set of The Carrie Diaries,1
12 Times Kim Kardashian Has Publicly Defended Kanye West,1
Rihanna’s Awkward Exes! Leonardo & Drake Avoid Each Other At Pre-Oscars Bash,0
'Jersey Shore' star Mike 'The Situation' Sorrentino sentenced 8 months on tax evasion charges,1
Kylie Wants To Retire From Celebrity Life ‘Permanently’ — But Is Her Family Taking Her Seriously?,0
"'Everything Was a Struggle.' Bethenny Frankel on How She Went From $20,000 in Credit Card Debt to a $100 Million Skinnygirl Deal",1
Lin-Manuel Miranda taps The Decemberists for unused Hamilton song “Ben Franklin’s Song”: Stream,1
Brazilian court rules Ryan Lochte can be prosecuted on charge of filing false report,1
"Cardi B Talks Fame, Future, and Feminism",1
Jonathan Van Ness from Queer Eye Reflects on Weight Loss Journey,1
13 Reasons Why We're Missing Kendall Jenner at Fashion Month,1
Beyoncé to reunite with Destiny’s Child at Coachella,0
The 'Pretty Little Liars' Cast Is Just As Emotional Over The Series Finale As Fans Are — PHOTOS,1
Dealing with Disappointing Relationships: Change Your Expectations,0
Gucci Mane marries Keyshia Ka'oir at lavish wedding in Miami,1
Hugh Hefner's wife Crystal Harris 'will inherit nothing',0
Donatella Versace Biography,1
Adele's Makeup Artist Reveals The Secrets Behind Her Iconic Eyeliner,1
"'Married at First Sight' 2017 Finale News: Decision Night Unleashes Revelations, Which One Was Surprising?",1
Lea Michele and Ashley Tisdale Collab,1
Kendall Jenner Has a 'Really Special Connection' with Niece Stormi: She's 'So Comfortable with Me',0
"Kourtney's Numb Lip, Khloe Goes to Jail, Todd Kraines & More: Watch the Kardashians React to Iconic Keeping Up Moments!",1
Brad Pitt Didn't Use Custody Negotiations To Get Back With Angelina Jolie,0
Mama June Says She Hopes Boyfriend Geno Doak Will Marry Her: 'I Know He's Scared',1
"John Lewis, celebs react as ABC cancels ‘Roseanne’",0
RHONJ Reunion: Teresa Giudice warned about Kim DePaola,1
Scarlett Johansson’s Net Worth as Fans Eagerly Await ‘Avengers: Endgame’,1
"Sebastian Stan Shares a Funny Message for His “Dad,” Mark Hamill",1
Khloe Kardashian Embarrasses Mom Kris Jenner In Front Of Scribe [WATCH],1
‘Wizards of Waverly Place’ Star David Henrie Is Married,1
Meghan Markle kisses Prince Harry at polo like Princess Diana,1
U.S. Senator Rand Paul of Kentucky,1
United States Department of Defense,1
Luke Perry jokes Riverdale producers put him in Cheryl Blossom wig to keep fate secret,1
Met Gala 2017 Red Carpet Live: All the Celebrity Dresses and Fashion,1
‘MAFS’ Recap: Ryan Ditches Jaclyn to Go Drink With His Friends,1
Aaron Carter opens up about multi-million dollar mistakes that led to bankruptcy,1
"Michelle Williams on Reshooting ""All the Money in the World"" with Christopher Plummer",1
Plan A Wedding And Get Matched With A Celebrity Groom!,1
Why Caitlyn Jenner Decided to Undergo Sex Reassignment Surgery,0
"''Lights, Camera, Action!'' Josh Henderson & Christine Evangelista Take Fans Behind the Scenes of The Arrangement Season 2",1
"At 100 episodes, Scandal asks to be embraced for the soapy mess that it is",1
"The Arrangement recap: Season 1, Episode 2",1
"Piers Morgan Apologizes to Ariana Grande, Praises Manchester Benefit Concert",1
Hit or Hype: Celeb Pros Debunk 6 Skin-Care Trends,1
Drew Barrymore recalls flashing David Letterman: 'I'm such a different person now',1
Celebrities React to Chuck Berry’s Death: ‘Hail to the King of Rock’ – Variety,0
"Inside the Private, Celebrity-Friendly Terminal at LAX",1
Royal baby: Prince William and Duchess Kate's new prince is named Louis Arthur Charles,1
Olivia Culpo and Danny Amendola Couple Up on Ibiza Getaway,1
The Daily Show with Trevor Noah,1
The Song in Your Heart,1
Jennifer Lopez To Perform at 2018 Billboard Music Awards,1
Katharine McPhee and David Foster are engaged,1
"MITT ROMNEY: ‘TRUMP HAS SOME VERY SERIOUS EMOTIONAL PROBLEMS, HE MUST RESIGN BEFORE WE…’",0
George and Amal Clooney sponsor an Iraqi refugee attending U. of C.,1
"People's Choice 2018: Vote Now for Your Favorite Movies, TV Shows, and More",1
"Fall TV 2018: Every TV Show Canceled, Renewed and Ordered Thus Far",1
Demi Lovato's Birthday Message to Nick Jonas Will Melt Your Heart,1
Transcripts,1
‘Once Upon a Time’ Zeroes In On 4 Cast Members For Potential Season 7 Reboot,1
Kelly Clarkson Opens Up About Her 37-Pound Weight Loss,1
Barbara Corcoran Is Already Planning Her Dancing With the Stars Romance With Keo Motsepe,1
Jimmy Fallon and Heidi Klum Compete in a Hilarious Dance Battle,1
Pretty Little Liars: Mona Killed Charlotte,1
Kim Richards Opens Up About What's Helping Her Maintain Her Sobriety,1
Opinion | Mayim Bialik: Being a Feminist in Harvey Weinstein’s World,1
Kylie Jenner's Hottest Looks,1
Kanye West Thought Kim Kardashian Might Divorce Him Over Slavery Comments,0
Seth MacFarlane on the one ‘big problem’ with the Oscars,1
"Channing Tatum & Jenna Dewan: Jealousy & ‘Bitter’ Fights Led To Split, Reports ‘Radar Online’",0
Inside 'Teen Mom OG' Catelynn Lowell's Post-Treatment Plan,1
Report That Blake Shelton Will Propose To Gwen Stefani On Valentine’s Day Is Untrue [Debunked],0
Carrie Underwood Posts Close-Up Pic of Her Face Before Comeback at ACM Awards,1
This 1 Country Singer Wants to Officiate Gwen Stefani and Blake Shelton’s Wedding,0
Hispanic Populations Share of Wealth Likely to Increase by 2025,1
Obama Demands Investigation into Subprime Loan Discrimination,1
Bristol Palin Meyer shared a few updates on her life as a wife and mom of three in a new post to fans,1
Does Meghan Markle Want 5 Kids? Prince Harry Has Some Thoughts,1
Kendall Jenner attends premiere with beau Blake Griffin,1
"Watch Eugenio Derbez Sing ""All You Need Is Love"" With His Adorable Daughter Aitana",1
Simple beauty hacks that will get your skin glowing,1
Lady Gaga Guides Digital Meditation After Las Vegas Massacre,1
'Bachelorette' Winner Bryan Abasolo Gushes Over Fiancee Rachel Lindsay on Instagram After Engagement Reveal,1
Selena Gomez Fears Run-In With Ex Justin Bieber at 2017 Billboard Music Awards,0
Nina Dobrev & Orlando Bloom Are ‘More Than Friends’ — Is He Already Over Katy Perry?,0
Jay-Z Drops “Story of O.J.” Music Video on Tidal as 4:44 Goes Platinum in Less Than a Week,1
Tracee Ellis Ross' Hairstylist Is Obsessed With This $7 Hairspray,1
Duchess Meghan and Prince Harry Are Planning a U.S. Tour: Details!,0
Carrie Fisher Net Worth,1
Ariel Winter and Levi Meaden celebrate first anniversary,1
Prince Harry and Meghan Markle Channel Princess Diana at Nelson Mandela Exhibit,1
"Katie Holmes’ trials: Fighting reports about a Jamie Foxx breakup and a Tom Cruise, Suri reunion",0
"Rob Lowe's Kids Play the ""Best Son Challenge"" on 'The Tonight Show'",1
Gigi Hadid Is Now Defending Her Leaner Body on Instagram,0
“Kevin Hart Day” Is Real and There's a Mural to Prove It,1
DJ Khaled Couldn't Say Jenna Dewan Tatum's Name Right at iHeartRadio Music Awards 2018,1
Queer Eye (2018 TV series),1
Storm Reid's A Wrinkle in Time Bracelet and More Movie Buff Style,1
Rachel Lindsay Reveals the One Regret She Has About Her Time on The Bachelorette,0
Dancing Under the Stars: Julianne Hough's Perfect Wedding to Brooks Laich – 'We Never Stopped Looking at Each Other',1
Fact-Checking Feud: How Bette Davis Got Revenge on Joan Crawford for That Stolen Oscar,1
Brielle Biermann Confirms Split After Kim Zolciak Denies It,1
Meghan Markle penned powerful essay on embracing her biracial identity,1
Chris Hemsworth proves even he can be an embarrassing dad,0
Anthony Bourdain: Asia Argento Shared Cryptic Message Before His Apparent Suicide,1
Prince Harry to kick off the 2017 Invictus Games in Toronto,1
Billboard Latin Music Awards 2017: See the best-dressed stars,1
Demi Lovato’s Mom Speaks Out After Her Apparent Overdose,1
Roseanne Barr Just Lost Herself So Much Money,1
Khloe Kardashian says Tristan Thompson has learned from his 'mistake' ahead of KUWTK premiere,1
Blake Lively and Ryan Reynolds at Deadpool 2 Premiere,1
"Top Chef’s Gail Simmons Gives Birth, Welcomes Second Child",1
Michael Jackson bodyguard biopic: 13 HUGE shocks 'Secret GIRLFRIENDS and escape plans',1
Selena Gomez apologizes on Instagram after Weeknd drama,1
Luann de Lesseps Accuses Russell Simmons of Groping Her in an Elevator: 'He Was Just a Pig',1
Clapback Queen Chrissy Teigen Shares Her Social Media Secrets,1
Why Selena Gomez Walked Out On Justin Bieber During Their Date Night,1
Ed Sheeran and Beyonce Knowles Performing Together,1
Nia Jax on Promoting a Positive Body Image in Her Return to 'Total Divas',1
Kanye West and Kim Kardashian’s Best Looks at the Met Gala Through the Years,1
Labor Day Loving! Katy Perry and Orlando Bloom Spend Holiday Weekend Together,1
Minnesota-born 'Black-ish' star Yara Shahidi is ready for world conquest,1
Gwyneth Paltrow's Beauty Guru Shares Her Pantry Must-Haves,1
Kelly Ripa Offers Ryan Seacrest Public Show of Support,1
Taylor Swift and Katy Perry Ended Bad Blood With an Olive Branch. Here’s How It Started.,1
Kristen Bell visits new moms and enters 'the splash zone' — watch the video,1
Huma Abedin opens up about bond with Georgina Chapman,1
Kim Zolciak-Biermann Shares Her Steamiest (and Most Topless) Photos With Kroy Biermann Yet,1
Ellen DeGeneres Wrote The Sweetest Message To Portia De Rossi On Their Ninth Wedding Anniversary,1
PTC Analysis of YouTube Finds Explicit Content is One Click Away from Children,0
Riverdale's Black Hood Revealed & His Backstory Is Creepy AF,1
The Walking Dead Season 9: Three Former TWD Stars Return,1
I have no respect for Caitlyn Jenner anymore: Kim Kardashian,1
Scott Disick Celebrates Birthday in Las Vegas With Kourtney and Khloe Kardashian By His Side -- See,1
Tyga calls out Kim Kardashian on Instagram,0
Nicole Richie,1
'I thought the bitch was white' - Roseanne Barr on the Valerie Jarrett tweet - video,1
‘Tormented’ Brad Pitt will only be allowed ‘to spend four hours with his children on Christmas Day’,0
Did Emily VanCamp Marry Her Revenge Co-Star?,1
Connecting People Through News,0
"Leslie Grace Talks About Working With Friend Becky G on ""Díganle""—Plus, Casper Smart's Cameo",1
Hilary Duff's neighbor threatens legal action after she called him out on Instagram,1
'RHOC' Husband Jim Edmonds Slams Kelly Dodd's Mistress Accusation,1
13 Horror Movie Characters That Will Forever Haunt Our Nightmares,1
Pitbull To Be Honored With Latin AMA Dick Clark Achievement Award,1
Eva Mendes attends Ryan Gosling's Song To Song premiere,0
Gus kenworthy reveals what it's really like to pose nude for espn the magazine's body issue:,1
"Self-protective, loving and intimate: What Kate and Wills’ body language with their new baby boy reveals",0
Check Out Wendy Williams’ Worst Talk Show Guest Ever – Can You Guess Who He Is?,1
Is Dorothy Wang Single After 'Famously Single'? She Isn't The Show's Star Student,1
Robert Pattinson  Bella Hadid New Couple Nor Cozied Up At Dior Paris Show  Report,0
Roswell New Mexico: First Impressions of The CW Reboot,1
George Clooney,1
Meghan Markle's maid of honour reveals 'real reason' her first marriage broke up,0
Director Luc Besson Accused of Raping a French Actress,1
"Julianne Hough’s Lavish Idaho Wedding Featured a $20K Marchesa Gown, $15K Fireworks and more",1
Michael Bublé's Son Noah Celebrates 4th Birthday With Awesome Spider-Man Party -- See Pics!,1
Taylor Swift: Why She Didn’t Have A Fourth Of July Party Again & Is ‘Happier’ Because Of It,1
Sofia Richie and Scott Disick Share a Kiss on Jet Ski While Vacationing in Mexico -- See the PDA Pics!,1
'The Dark Knight' Returns to Theaters to Celebrate 10th Anniversary,1
"Gavin Rossdale: ‘If you divorce America's sweetheart, you're in trouble’",0
Celine Dion sang a love song to her dying husband René Angelil,1
The Real Housewives of New Jersey,1
"Anna Faris Uncomfortable Watching Chris Pratt, Zoe Saldana Romantic Scenes?",0
Blake Lively Is the Ultimate Mom in This 2000s Trend,1
Blake Shelton Subtly Claps Back at Ex-Wife Miranda Lambert With Help From Buddy Luke Bryan,0
Paul Walker's daughter settles with Porsche in wrongful-death suit,1
"Jennifer Lawrence, Ryan Reynolds and More Onscreen Superheroes Reveal the Perils of Peeing in Costume",1
"""Being Engaged to Miguel Is Fun as F--k!"" Watch The Platinum Life Season 1 Supertease",1
Billboard Music Award,1
WVLC-99.9 FM,1
How Do Jessica Biel and Justin Timberlake Keep The Spark Alive?,1
Did Kanye West Make A Diss Track About Donald Trump?,0
"Jamie Foxx's Friends Low-Key Think Katie Holmes ""Needs a Makeover"" (EXCLUSIVE)",0
"Jennifer Lopez hired private detective to check out Alex Rodriguez cheating allegations, report says",0
Rice told investigators why she unmasked Trump aides,0
Ivanka Trump and her kids touchdown for Thanksgiving in Mar-A-Lago,1
"The best and worst TV series finales of all time, from 'The Americans' to 'Seinfeld'",1
Prince William and Kate Middleton Join Queen Elizabeth for a Royal Garden Party,1
Beyonce Unisex Adult T-Shirts for sale,1
"Who is Laura Gallacher? Russell Brand’s wife, mother to Mabel and their new baby daughter and Kirsy Gallacher’s sister",1
Busy Philipps loses it after being mistaken for a young Sarah Huckabee Sanders in Freaks and Geeks photo,1
Cindy Crawford Did Warn Daughter Kaia To Stay Away From Kendall Jenner  Report,0
How Does Riverdale’s Musical Rank Among TV's Most Iconic Musical Episodes?,1
Political Figures: C (2),1
Tristan Thompson Throws Khloe Kardashian Romantic Surprise Party on New 'KUWTK': 'I've Never Been This Happy',1
TBT: See Photos of Paris Hilton and Kim Kardashian When They Were Friends,0
"‘Crazy Ex-Girlfriend’ Boss on Rebecca’s Diagnosis, Nathaniel’s Backstory and Josh’s ‘Quarter-Life Crisis’",1
Ciara and Kelly Rowland Sing Christmas Carols to Patients at Children's Hospital,1
Chrissy Teigen Trolls John Legend Arthur Easter Pics,1
"Plaza Hotel Launches Home Alone-Inspired ""Kevin McCallister"" Contest",1
Adam Levine Delivers Emotional Tribute to Christina Grimmie on 'The Voice',1
Kate Gosselin's Net Worth and Income,1
"TOP FIVE FINALISTS ANNOUNCED FOR ALL CATEGORIES OF “THE E! PEOPLE’S CHOICE AWARDS,” CHOSEN BY THE FANS",1
Angelina Jolie ’ s Dad Begging She Get Help For Eating Disorder  Report,0
Dr. James Dobson,1
'Citizen Rose': 5 things to know about Rose McGowan's documentary series,1
A Rainbow of Colored Eyeliners to Try for Spring,1
Watch Zac Efron Show Off His Pole Dancing Skills for Tom Cruise and Graham Norton,1
Kim Kardashian Is Blaming A Fan For Her Latest Photoshop Fail,1
Tristan Thompson Returns to Basketball Amid Khloe Kardashian Drama,1
Ben Affleck And Lindsay Shookus’ Date In New York: Here’s What Happened On Their Big Date At The Big Apple,1
Taylor Swift gives surprise performance at Nashville’s Bluebird Cafe,1
Kim Kardashian Says Her Waist Is 24 Inches—And Kourtney's Reaction Is Priceless,1
"There's Even More Evidence That Caitlyn Jenner Is Dating a 21-Year-Old Model and We're Like, Get It, Girl!",0
"Total Divas Season Finale Recap (5/10): Eva Marie's Suspension, Brie's Pregnancy, Nikki's Return",1
Kim Zolciak-Biermann Apologizes to NeNe Leaks After RHOA Reunion,1
Cheryl admits her Liam Payne split statement was 'cringeworthy',0
The 5 Biggest Jaw-Droppers at the 2017 MTV Movie & TV Awards,1
Keegan-Michael Key Is Engaged to Producer Elisa Pugliese,1
"Billboard Latin Music Awards 2017 Red Carpet Arrivals: See Jennifer Lopez, Eva Longoria and More Stars Rock Miami",1
Quavo Reportedly Dumps Karrueche For Stripper Girlfriend: Migos Star Blames Chris Brown For Split?,1
Kristin Cavallari Reveals Why Her Kids Won’t Appear On Her New Reality Show,1
‘Star Trek: Discovery’: Jason Isaacs on His Character’s Origins and What He Wants From Burnham,1
"Elle Macpherson Shares Her Secrets to Beauty and Wellness--Dry Brushing, Homemade Granola and an Infrared Sauna Included!",1
They Didn't Mean It Like That: Actors Defending Other Actors and the Dumb Things They Say While Doing It,1
BREAKING: Irish superstar Saoirse Ronan dies after on-set accident in St. Lucia,0
Are Selena Gomez And Justin Theroux Dating? New Details About Their Secret Relationship,0
A thorough investigation into the theories that “prove” Khloe Kardashian isn’t pregnant.,0
Sam Asghari - News,0
Matt Lauer's could pay ex-wife Annette Roque $20M in divorce,0
8 Juiciest Celebrity Feuds of 2017,0
Connecting People Through News,0
BREAKING: FBI Issues Warrant For Obama’s Arrest After Confirming Illegal Trump Tower Wiretap,0
Justin Bieber 'caught with mystery blonde' amid Selena Gomez 'break-up',0
Is Kim Kardashian’s Surrogate Demanding Star Not Be In Delivery Room During The Birth?,0
Katherine Jackson Resigns as Blanket's Guardian,0
You and Selena Gomez Probably Have One Big Thing in Common,0
"Justin Bieber, Selena Gomez Relationship Rumors: Proposals, Jealousy, Bieber Desperate To Reconcile (UPDATE)",0
Celebrities Are Just as Obsessed with the Royal Wedding as We Are,0
112-Year-Old Voters in North Carolina?,0
"L.A.’s Elite Cannibal Restaurant Boasts Katy Perry, Meryl Streep, Chelsea Clinton As Members",0
September 11: Celebrities Remember 9/11 (TWEETS),0
Jennifer Garner & Josh Duhamel Dating: Why Ben Affleck Feels ‘Threatened’ By The Rumor,0
Brad Pitt and Jennifer Aniston's second wedding joy,0
"5 Awkward Details About Blake Shelton And Gwen Stefani's Relationship, Including What She's Said About Marrying Him",0
"Malibu crash involving Bruce Jenner leaves 1 dead, 5 injured",0
Halle Berry NOT Dating Female Friend  Despite Speculative Claim,0
President Donald Trump retweeted a cartoon of a train killing a CNN reporter,0
US report: Suri’s ‘secret plea to missing dad Tom Cruise’,0
Al Franken Accused of Groping Radio Host Leeann Tweeden,0
Read Linkin Park's Tribute to Chester Bennington: 'Our Hearts Are Broken',0
"Confirmed: Meghan & Harry - Yes, it's twins",0
Katie Holmes and Jamie Foxx 'split' after five year secret romance,0
Kim Kardashian Baby Name Shocker! Star Fights With Pregnant Kylie Over What To Call Daughter,0
Meghan Markle Finds Prince Harry Can’t Stop ‘Jealous’ Kate Middleton & Princesses Royal Feud [Rumor],0
Kate Hudson and Angelina Jolie enjoy family day out at Kung Fu Panda 3 premiere,0
Were drugs to blame for Erin Moran’s death?,0
The truth about Kate Middleton and Meghan Markle's relationship,0
Going wild in South Africa,0
US report: Jennifer Aniston pregnant with Brad Pitt's baby,0
Justin Bieber Caught Up In Church Child Molester Scandal,0
Jay-Z's '4:44 Tour' Proves The GOAT Is Still The Greatest,0
Tom Hiddleston Stunned Taylor Swift Referenced Him On New Album: Here’s Why,0
Caitlyn Jenner may 'de-transition back to Bruce after suffering from sex change regret',0
Nicole Kidman and Keith Urban take PDA to a new level on Cannes red carpet,0
Heidi Klum's Bikini Body Takes A Lot Of Work & Her Boyfriend Is Over Hearing About It,0
J.Lo ‘Wild’ Over A-Rod’s ‘Passionate’ Kisses — Their Make Outs Are ‘Next Level’,0
"Kylie Jenner SPILLS on Insecurity and Plastic Surgery: ""I Was OBSESSED with Making My Lips Bigger""",0
Meghan Markle and Prince Harry wedding drama FAQ: All the gossip you really want to know,0
Julianne Hough & Brooks Laich's Wedding Weekend in Photos: Every Detail You Have to See from Their Special Days,0
"Nancy Pelosi Suffers Breakdown, Taken From Capitol Hill On A Stretcher",0
MTO SHOCKER: Jennifer Lopez Appeared To Hurt HER BACK . . . Trying To Dance Like CIARA . . . Watch The 47 Year Old . . . Get INJURED!!! (Pics),0
Katie Holmes Checks Out Irish Wedding Venue,0
Selena Gomez & Justin Theroux May Be Dating And Jennifer Aniston Is Freaking Out,0
"Kristen Stewart: ""I've been deeply in love with everyone I've dated""",0
"HollywoodLife Weasels Out Of Fake Rihanna, Hassan Jameel Stories With Phony Leonardo DiCaprio Claim",0
Miley Cyrus  Seth Rogen  James Franco Arrested For Plot To Donald Trump  Fake,0
"Blake Shelton Put Miranda Lambert ""Through Hell"" — So She's Getting Her Revenge (EXCLUSIVE)",0
A Guide to the Increasingly Intense Brad Pitt–Angelina Jolie Divorce Drama,0
Trouble In Paradise? George & Amal Clooney Sleeping In Separate Bedrooms,0
"Cindy Crawford Says Daughter Kaia Gerber ''Loves Kendall Jenner,'' Talks 14-Year-Old's Modeling Future: Watch",0
What has Lady Gaga done to her face? Plastic surgeon dishes dirt on shock transformation,0
Saudi Arabia to Behead 6 School Girls for Being With Their Male Friends Without Parents or a Guardian,0
Golden Globes Women Speak Out In Unity About Sexual Harassment,0
Kim Kardashian Having Plastic Surgery To Cure Cankles?,0
Angelina Jolie & Jared Leto Dating After Brad Pitt Divorce — Report,0
Is Meghan Markle Already Pregnant? The Evidence Speaks for Itself,0
Are Nicole Kidman and Keith Urban headed for divorce?,0
Vanessa Kirby shoots down Tom Cruise marriage rumors,0
Are Prince Harry and Meghan Markle Coming to the U.S.?,0
Nikki Reed Responds to Backlash Over Ian Somerhalder Throwing Out Her Birth Control Pills,0
Fergie and her baby son Axl wear matching bandanas as singer shows off her slender legs in LA,0
Why Princess Diana’s Jewelry Might Start Appearing in Public More,0
Ewan McGregor Scraps UK Talk Show Visit Over Piers Morgan Women’s March Barbs,0
Caitlyn Jenner Reportedly Wants Kim Kardashian’s Surrogate To Carry A Baby For Her,0
Was Kanye involved with Amanda Lepore before Kim K.?,0
Celebrities React: Trump Withdraws Steph Curry White House Invitation,0
Sid Miller,0
"Mila Kunis addresses ‘upsetting’ divorce, pregnancy rumors",0
Brad Pitt and Jennifer Aniston's second wedding joy,0
Everything Jennifer Garner Has Said About Ben Affleck Since Their Split,0
Teresa Giudice Explains Why She'd Rather Not See Husband Joe Every Week in Prison,0
Jennifer Aniston and Adam Sandler Are in Italy on What We Imagine Is the Most Fun Yacht Trip Ever (Video),0
Christina Aguilera Joining ‘American Idol’?: ABC Hoping To Steal Her From ‘The Voice’,0
Caitlyn Jenner joins 'girlfriend' Sophia Hutchins at Kylie's birthday,0
The Real Reason Kendall Jenner Has Stepped Back From The Spotlight,0
BREAKING: Fox Star Tucker Carlson In Critical Condition After Head On Collision Driving Home,0
"Jennifer Aniston Is Living Her Life, Dating Two (2) Dudes",0
Jessica Hits Rock Bottom!,0
Marriage Meltdown! Cheryl Hines ‘In Over Head’ With Sex Freak RFK Jr.,0
Beyonce’s rep slams reports that Beyonce’s lips are not all-natural preggo-lips,0
Page 585 – Us Weekly,0
"Caitlyn Jenner 'Wasn't Happy at First' About Kylie Jenner Becoming a Young Mom, Source Says (Exclusive)",0
"Brad Pitt, Girlfriend Neri Oxman ‘Talk on the Phone Several Times a Day’",0
"Debunking the week's tabloid stories: June 8, 2018",0
Britney Spears and Sam Asghari would 'love to have a baby',0
"Catherine, Duchess of Cambridge",0
Paris Jackson is favourite to play Madonna in film biopic,0
A Timeline of Gwen Stefani & Blake Shelton's Relationship,0
A Complete Timeline of Brad Pitt and Jennifer Aniston's Relationship,0
Kim Kardashian shares family Christmas card,0
A Timeline of Gwen Stefani & Blake Shelton's Relationship,0
"Joel Silver Sued for Assistant Death During Jennifer Aniston, Justin Theroux Honeymoon",0
"‘I tried Kim Kardashian’s diet for two weeks, and the results weren’t what I expected’",0
Gwen Stefani Pregnant With Blake Shelton’s Baby? Why Friends Think She’s Got A Secret,0
Princess Eugenie’s ring is double the price of Meghan Markle’s,0
MIT professor Neri Oxman may have moved on from Brad Pitt,0
The End? ‘Party Boy’ Jamie Foxx Blows It With Katie Holmes!,0
Sarah Palin Calls To Boycott Mall Of America Because “Santa Was Always White In The Bible”,0
Madonna Considering a Move to Rome (Report),0
Connecting People Through News,0
Meghan Markle and Prince Harry wedding drama FAQ: All the gossip you really want to know,0
Miley Cyrus Has No Plan To Leave The Country In The Era Of Trump,0
Easter 2016: Celebrities share messages on social media,0
"Mila Kunis Talks Pregnancy, Divorce Rumors",0
Liam Payne And Singer Cheryl Cole Split After Over Two Years Together,0
Kim Kardashian Says She’s the “Biggest Taylor Swift Fan” in 2009 Interview (VIDEO),0
Fifty Shades Darker: Dakota Johnson and Jamie Dornan refuse to promote the film?,0
The One with the Rumor,0
Kim Kardashian & Kanye West Divorcing After Surrogate Baby Born? Why $1B Marriage Is Reportedly Over,0
Danny Moder Told Richard Gere To Stay Away From Julia Roberts?,0
Oprah Feuds,0
Sofia Richie,0
"Kourtney Kardashian, Younes Bendjima split after 2 years: report",0
Georgina Chapman on Life After Harvey Weinstein,0
"Robert Pattinson on Ex Kristen Stewart Cheating: ""S--- Happens""",0
Oscars Red Carpet Live Stream 2018 – Watch Academy Awards PreShow Online,0
Caitlyn Jenner Already Set For Second Boob Job,0
Celebrities Slam Donald Trump for Criticizing San Juan Mayor as She Pleads for Help for Her People,0
Selena Gomez Spies On The Weeknd,0
Is Mel B Making a Statement About Her Divorce With Her MTV VMAs Dress?,0
Selena Gomez Did Get Dog To Help Heal After Kidney Transplant  Report,0
"Scarlett Johansson Not Refusing To Dye Hair Red For ‘Avengers’ Sequels, Despite Report",0
"Whether he wanted to or not, John McCain played an outsize role in Trump’s political narrative",0
 If You Are Using This Toothpaste… Throw It Away Immediately Nov 28,0
Kanye West fans are planning 'Hey Mama Day' in response to Taylor Swift's upcoming album release,0
"A History of Kanye West's, Kardashians’ Feuds With Amber Rose, Blac Chyna",0
'Grey's Anatomy': Making Sense of the Jam-Packed Season 14 Premiere,0
Is Kris Jenner Dating A Nigerian Billionaire?,0
Kylie Jenner Has Finally Been Spotted Out In Public,0
Divorce Gone To The Dogs! Exes Jen & Justin In Canine Custody Fight,0
Justin Theroux Found Post-Its From Brad Pitt During Jen Aniston Marriage,0
Avril Lavigne Is 'Mildly Amused' by Resurfaced Death Hoax,0
DIDDY CREEPING??? Caught On A DATE . . . With A WHITE WOMAN!!!,0
Brad Pitt and Angelina Jolie dismiss reunion reports,0
Daniel Craig Fighting To Save Marriage To Rachel Weisz As He Returns To James Bond,0
Lena Dunham and Jack Antonoff have split up,0
Gigi Hadid and Bella Hadid's Cutest Pictures,0
Report: Jamie Foxx Soon to Marry Katie Holmes,0
Angelina Jolie has her eyes set on British actor Ed Skrein,0
Dry Goods Economist,0
Taylor Swift Reportedly Reacts To Tom Hiddleston’s Golden Globes Win,0
Caitlyn Jenner calls out Ellen DeGeneres in memoir,0
Everything That Happened in Selena and Abel Tesfaye's Dating Relationship,0
10 rules Prince William and Kate Middleton must always follow that other royals don't,0
Celebrity Reaction: Jimmy Kimmel Monologue On Las Vegas Shooting And Guns,0
Rob Kardashian CAUGHT Slapping His Ex In The Face!,0
Is Jennifer Lopez expecting a baby boy with Alex Rodriguez?,0
Scott Disick 'desperate for the Kardashians to accept Sofia Richie',0
Why Fans Are Upset About Kim Kardashian's Comments On Her Own Body,0
Tom Cruise Feels ‘Betrayed’ By Katie Holmes & Jamie Foxx’s Secret Romance,0
"Jim Carrey, Robert De Niro Lead Celebrity Tributes to Jerry Lewis: 'He Didn't Miss a Beat, Or a Punchline'",0
"Sessions: Illegal Leak Against General Mike Flynn Is Being Investigated ""Aggressively""",0
Britney Spears Appears Terrified as Man Crashes Stage During Vegas Residency: 'He's Got a Gun?',0
Robert Pattinson Cools Off With FKA Twigs: Are Things Heating Up With Katy Perry?,0
  Selena Gomez   Justin Bieber NOT Reconnecting Reconnecting Despite Reports,0
Selena Gomez: I've Never Had a Problem With Drinking,0
George Clooney’s Friends Want Him To Run For President: He Would Be ‘Amazing’ With Amal As First Lady,0
Inside Kim Kardashian’s Nasty Split From BFF & Assistant Stephanie Shepherd,0
Amber Heard Talks for First Time About Marriage to Johnny Depp,0
Judge Dismisses DJ David Mueller’s Case Against Taylor Swift,0
"Celebrities' Father's Day messages: Meadow Walker, Denise Richards, Kim Kardashian, more",0
Selena and Justin spend Thanksgiving apart: Trouble in paradise?,0
Christina Aguilera outs ex-boyfriend,0
Katie Holmes & Jamie Foxx Reportedly Getting Married After Years Of Secretly Dating,0
Why Isn't Gwen Stefani Coaching 'The Voice' Season 13? She Could Come Back Before You Know It,0
"Jennifer Aniston wears an arm brace, stuns in black at Gwyneth Paltrow's engagement party",0
Kim Jong Un Dead: North Koreans Calling Trump An Assassin,0
"Vlogmail on Instagram: “Gossip Cop Busted 3,136 Stories In 2017, HollywoodLife Was Worst Offender #celebritynews #celebrityrumors, #fakenews, #gossip, #gossipcop,…”",0
Who would have thought Kylie would be the most successful Kardashian?,0
Lindsay Lohan Offered Role Of Teenager’s Mom Is Fake News,0
Katie Holmes Pushing Jamie Foxx To Go More Public With Their Relationship — Why He’s ‘Hesitant’,0
Kardashians Jealous Of Jennifer Lawrence ’ s Relationship With Kris Jenner ,0
The numbers don't lie... - Occupy Democrats,0
Sarah Jessica Parker and Matthew Broderick Net Worth,0
Gwen Stefani Forced to Skip Vegas Performance After Rupturing Her Eardrum,0
Fans Say Footage Shows Miley Cyrus Has A Baby Bump,0
Caitlyn Jenner takes her plane out for a spin in LA,0
Is Montia Sabbag Pregnant With Kevin Hart’s Baby?,0
Ben Affleck looking for family friendly role,0
Female First Forum,0
Kim Kardashian,0
"Gwyneth Paltrow, Angelina Jolie and Others Say Weinstein Harassed Them",0
Teen Choice Awards 2017 Winners: The Complete List,0
"'Big Little Lies' Season 2 Returns 3 More Cast Members, Adds 3 News Ones",0
"HollywoodLife Caught Lying About Taylor Swift, Selena Gomez And Justin Bieber",0
WATCH: Jennifer Lawrence Interviews Kim Kardashian West Video,0
Kourtney Kardashian Reportedly Pregnant With Baby #4 — Is Ex-BF Younes Bendjima The Dad?,0
"‘Deadpool': Brianna Hildebrand on Negasonic Teenage Warhead, Ryan Reynolds, and More",0
US report: Mary-Kate Olsen pregnant,0
Here's Tom Hiddleston Gushing About Taylor Swift a Month Ago,0
Nicole Kidman Pregnant  Report,0
"Robert Pattinson 2018: Kristen Stewart’s Ex Reportedly Flirting With Kylie Minogue, Bella Hadid And Katy Perry",0
Fans React: U2 Cancels St. Louis Concert Amid Police Protests,0
"Mandy Moore, Milo Ventimiglia NOT Feuding On ‘This Is Us’ Set, Despite Report",0
"What, Exactly, Is Katie Holmes’s Relationship to Tabloids?",0
BREAKING: Hilary Clinton Filed For Divorce In New York Courts!,0
"Reese Witherspoon, MGM Bringing The Gang Back For ‘Legally Blonde 3’",0
Stressed Angelina ‘Melting Down’ After Custody War With Brad Explodes!,0
Here’s Why Kendall Jenner Is Not Planning On Becoming A Mom Like Her Sisters Anytime Soon,0
Brad Pitt 'offers apology' to Jennifer Aniston twelve years after marriage split,0
"Truth About Jennifer Garner, Ben Affleck Planning To Renew Wedding Vows",0
North West’s ‘Struggling’ With Her Baby Sister’s Arrival: She’s ‘Acting Out & Seeking Attention’,0
Noel Gallagher slams Harry Styles' solo debut: 'My cat could've written that in 10 minutes',0
Kendall Jenner,0
selena gomez,0
Oscar Pistorius Attempts To Commit Suicide,0
Kristen Stewart and Robert Pattinson spark reconciliation rumors with L.A. sighting,0
Gwen Stefani Top Of 2017  Expecting Twins With Blake Shelton,0
"Scott Disick Writing Kardashian Tell-All To Expose Kim’s Strained Marriage To Kanye West, Kourtney Secrets",0
Biggest George Clooney Rumors,0
Selena Gomez and Justin Bieber Not 'Broken Up' But Working on 'Issues' Source Says (Exclusive),0
Justin Theroux Speaks Out On Brangelina's Divorce,0
Democrat Maxine Waters Has Shown Up To Only 10% Of Congressional Meetings For 35 YEARS,0
Caitlyn Jenner Reportedly Thinks Kim & Kourtney Kardashian Are ‘Setting A Poor Example For Their Children’,0
Baby number two for Justin Timberlake and Jessica Biel,0
Justin Bieber and Selena Gomez Sweating It Out Together JELENA After Pilates Workout Class,0
Jim Carrey Reveals Truth Behind Robin Williams Feud,0
Kylie Jenner & Travis Scott Are Fighting Over Her Decision To Stay in Hiding While Pregnant,0
"Chris Hemsworth Says He & His Wife ""Didn't See Each Other For Years""",0
"After everything, Ben Affleck wishes he could win Jennifer Garner back, new report says",0
Brad Pitt Upset Over Angelina Jolie’s Rumored Plans To Adopt? — Would He Adopt Again Too?,0
Is Kathy Griffin’s Career Over? Top Crisis Managers Weigh In,0
Fans react:Tiger Woods’ arrested for DUI,0
Real Housewives' Harry Hamlin stands behind wife Lisa Rinna following outburst,0
"After everything, Ben Affleck wishes he could win Jennifer Garner back, new report says",0
Scarlett Johansson and Bobby Flay spotted dining together,0
Justin Bieber Desperate To Become Friends With Chris Pratt?,0
Aaron Carter Worried About Past Gay Lovers Revealing Secrets Is Fake News,0
5 Wrong Rumors About Brad Pitt  Angelina Jolie Divorce,0
Robert Pattinson Talking About Playing Edward Cullen Video,0
Gal Gadot's daughters not impressed with mum's 'Wonder Woman' character,0
Khloé Kardashian and Kylie Jenner May Not Confirm Their Pregnancies Until 2018,0
Sandra Bullock Says She Considered Leaving Hollywood Over Sexism,0
Is Taylor Swift Engaged? Latest Quotes Reveal Joe Alwyn Is 'The One',0
Jennifer Aniston is 'furious' over Selena Gomez and Justin Theroux dating rumors,0
"Irina Shayk Begging Bradley Cooper To Stop Working, Stay Home With Baby?",0
"Miranda Lambert and Blake Shelton had an affair, her ex claims",0
Meg Ryan may walk down the aisle again as 'John Mellencamp is planning to propose',0
Beyonce's Plastic Surgery SECRETS? (Before & After Photos 2018),0
Trump Nation,0
A royal wedding for the 21st century: Prince Harry weds Meghan Markle amid calls for social justice,0
Kim Kardashian Slams 'Liar' Caitlyn Jenner for Comments About Late Father Robert: 'She Is Not a Good Person',0
Celebrities React to Donald Trump’s CNN Body-Slam Tweet: ‘How the F— Are You a President’,0
REPORT: Kim Jong Un Killed In Trump’s Overnight Black Op Attack On North Korea -,0
Beyonce Is An 'ABSOLUTE DIVA' . . . She Invited EVERYONE To Her Mansion . . . And IGNORED ALL HER GUESTS!!!,0
"HollywoodLife Caught In Lies About Selena Gomez, Justin Bieber And The Met Gala",0
Brad Pitt Jennifer Aniston Secret Hideout Hills,0
Are Jennifer Aniston And Brad Pitt Reuniting On Jimmy Kimmel Live? on E! News,0
"Britney Spears mobbed by fans on first visit to Israel, cancels dinner with PM Benjamin Netanyahu- Entertainment News, Firstpost",0
"FOX Network Picks Up ‘Roseanne,’ Saying It Has No Problem With Occasional Racism – The Newly Press News Network – POTUS Press Network",0
Miranda Lambert and Anderson East Break Up: Report,0
Rachel Lindsay and Bryan Abasolo Are Waiting for a TV Wedding,0
Anna Wintour Net Worth,0
"Jennifer Aniston doesn't need your consolation, advice or Brad Pitt to validate her existence- Entertainment News, Firstpost",0
KUWK: Kourtney Is ‘Creeped Out’ By Scott Disick’s GF Sofia Richie Morphing Into Her – Feels Like He’s ‘Manipulating’ The Girl,0
Is Lindsay Lohan opening a second club in Greece?,0
Paris Jackson Secret Surgery,0
Alexandra Daddario Slams Rumors She’s Still Dating Zac Efron — What Happened?,0
Ryan Reynolds Responded to Rumors He and Blake Lively Are Splitting With a Mom Joke,0
‘My trousers are too tight!’ Prince William’s shock confession to Prince Harry,0
"Kristen Stewart opens up on dating Robert Pattinson and coming out as gay, says 'public was the enemy'",0
The Truth Behind Those Robert Pattinson And Emma Watson One Night Stand Rumors,0
Anna Faris Is 'Furious' After Finding Half-Naked Chris Pratt With a Costume Girl,0
Angelina Jolie About What Her Kids Will Read Online About Her ,0
Did Blac Chyna Give Custody Of Daughter Dream To Rob Kardashian? Report Claims Chyna Wants to Twerk Instead,0
Gwen Stefani Vs. Miranda Lambert — Which Of Blake Shelton’s Loves Has The Sexiest Looks?,0
ICE Detainer Issued for Suspected Wine Country Arsonist in Sonoma Jail,0
"Caitlyn Jenner's Memoir Reportedly Lands Movie Adaptation, Rob Lowe May Play Her",0
Charlie Sheen slams accuser,0
Sofia Richie Paying Scott Disick ’ s Bills  Reports,0
Channing Tatum and Jenna Dewan Split After 9 Years of Marriage,0
Mila Kunis Has Banned Lea Michele Working With Ashton Kutcher  Report,0
Grammys 2018: Who's performing?,0
Rihanna: shocked by the secret child of Chris Brown!,0
Justin Bieber Lyrics Dis Ex Selena Gomez and The Weeknd,0
Anne Heche Wants Ellen DeGeneres Back?,0
Sexless Marriage! Kim Kardashian & Kanye West Back In Separate Beds,0
OWN Rearranges the Deck Chairs; Malia Obama's Redacted Spring Break,0
Eric Schneiderman Helped NXIVM Sell Child Sex Slaves To The Clintons,0
Kanye West Reportedly Refuses To Change Chicago’s Diapers & Kim Is Furious With Him,0
Jessica Simpson opens up about babies and marriage on The Tonight Show with Jay Leno,0
Meet the two men in Kaley Cuoco's life,0
"Jennifer Aniston Reveals Struggles With Dyslexia, Anger; Shrugs Off Oscar Snub",0
Celebrities react to President Trump's 'unhinged' press conference,0
An In-Depth Analysis of Jennifer Aniston's Body Language with Justin Theroux Versus Brad Pitt,0
Selena Gomez-Justin Bieber Dating History: The Many Ups and Downs of Jelena,0
Nicole Kidman,0
Leo DiCaprio teases first pic of him and Brad Pitt looking like retro honeys in their new film,0
Selena Gomez ‘jealous of Camila Cabello over Taylor Swift’,0
"Michael Strahan, Sara Haines Will Host ABC’s New ‘GMA’ Hour",0
Ethan Hawke Is on Angelina Jolie’s Christmas Card List,0
Plan B? Kim Kardashian Says She’s Begging Her Little Sister Khloe To Carry Her Third Baby,0
Hollywood's Expectant Moms: Inside Mindy Kaling's Private and Solo Journey to Baby,0
Ben Affleck enters rehab with Jennifer Garner's help,0
Bindi Irwin Does NOT Believe Chandler Powell Is Late Dad ’ s Reincarnation  Despite Late And Wrong Report,0
Kate Mara Laughs Off Report About Banning Rooney's Boyfriend Joaquin Phoenix from Wedding,0
"Kris Jenner Behind Kourtney Kardashian, Scott Disick, Sofia Richie Love Triangle?",0
Model Mom! Caitlyn Hits The Catwalk In Bold Career Move,0
Brad Pitt & Angelina Jolie Gave $8 Mil to Charity,0
Kris Jenner begs Kourtney Kardashian to take over the Kardashian empire,0
"Kylie Jenner's Pregnancy ""Has Been Hell"" — She's Never Been More Miserable (EXCLUSIVE)",0
Where Caitlyn Jenner Stands with Every Woman in the Kardashian Family,0
Hollywood Reacts to Matt Lauer’s Firing: ‘Don’t Let the Door Hit You on the Way Out’,0
Celebrities react to Donald Trump's State of the Union speech,0
Can a blind person see again through an eye surgery?,0
The Weeknd Announces Opening Acts For Fall Tour — Is Selena Gomez Joining Him?,0
Oops! Savannah Guthrie Apologizes After Accidentally Swearing on the Today Show,0
Britney Spears ‘Mortified’ About Leaked Sex Tape,0
Katie Holmes glows after confirming Jamie Foxx romance,0
The American Theatre Wing's Tony Awards®,0
The Real Reason Justin Bieber and Selena Gomez Didn't Spend Thanksgiving Together,0
Jennifer Aniston Plastic Surgery- Celebrity Cosmetic Surgeries,0
Jennifer Garner Is ‘Not Surprised’ Ben Affleck Is Dating a ‘Playboy’ Model,0
Miranda Lambert Sent Blake Shelton and Gwen Stefani Her Blessing Before Their Cringeworthy Run-In (EXCLUSIVE),0
Puppy Bowl 2018 Live Stream – Watch Online ,0
Khloe Kardashian Responds to O.J. Simpson Rumors: Is He Her Father?!,0
Brad Pitt Is Writing A Tell-All & THIS Is What's In It!,0
Watch Justin Bieber Awkwardly Explain His Selena Gomez Tattoo and Try Not to Cringe,0
The real reason Jennifer Aniston and Justin Theroux split,0
Angelina Jolie Gets ‘Aggressive’ With Major Makeover!,0
FBI RAIDS OBAMA – Find Massive Secret That Was Hidden For YEARS,0
  Jamie Foxx Officially Dumped Officially Dumped Katie Holmes For Baby Mama ,0
How the Stars Celebrated Memorial Day Weekend,0
Ariana Grande leads support for victims of London terror attack,0
Duchess of Cambridge Ignores Kim Kardashian After Years of Begging,0
Nicole Kidman: All Her Stunning Looks on the Cannes Red Carpet | Cannes 2017,0
Chris Pratt Swearing Off Dating After Anna Faris: Wants To Drown Himself In Work & Fatherhood,0
How the celebrities celebrated New Year's Eve,0
Everything Miranda Lambert and Blake Shelton Have Said About Their Divorce,0
Are Amy Schumer and John Mayer Dating?,0
Category Dakota Johnson Dating Jon Hamm And Chris Martin,0
Taylor Swift Jealous Of Harry Styles ,0
When Are Sophie Turner & Joe Jonas Getting Married Because We're So Ready For Another 'Game Of Thrones' Wedding,0
"O.J. Simpson Not Getting Plastic Surgery After Prison Release, Despite Report",0
Jennifer Aniston 'knew it was a matter of time before ex-husband Brad Pitt split from Angelina Jolie',0
Brad Pitt vows a year of celibacy prompting heartbreak for women across the world,0
Photos of Meghan Markle's Gorgeous Wedding Ring,0
Katie Holmes ‘splits’ with Jamie Foxx and ‘calls off wedding’ months after revealing secret five-year romance,0
Taylor Swift: Calvin Harris enlists Katy Perry to take revenge on ex,0
BREAKING: Trump Caught INVESTING in Dakota Pipeline Before Signing It,0
"Angelina Jolie, 'Focused on Healing Her Family,' Splits with Lawyer in Brad Pitt Divorce",0
Kylie Jenner,0
The eight-hour diet Nicole Kidman swears by,0
How the Weeknd Helped Selena Gomez Recover from Her Kidney Transplant: ‘One of Her Biggest Supports' Says Source,0
"Robert Downey Jr. Did Not “Blow Whistle On Hollywood Pedophile Ring,” Despite Claim",0
Brad Pitt and Angelina Jolie divorce: Selena Gomez ‘shamelessly flirted’ with Ptt at Gold Globes,0
Travis Scott Is Starting to Doubt If He's Stormi's Dad Amid Tim Chung Paternity Rumors (EXCLUSIVE),0
Princess Eugenie Refusing To Accept Meghan Markle Into Royal Family ,0
"Kate Middleton age, children and net worth compared to Meghan Markle",0
Gwen Stefani Is Still Smitten With Blake Shelton and 'Has Never Once' Tried to Change Him (Exclusive),0
Celebrities React to Secretary of Education Betsy DeVos Not Knowing Anything About Education,0
J-Lo: 'No pressure' on A-Rod to propose,0
Jennifer Lawrence finally addressed the reports that she's dating Brad Pitt,0
Melissa Joan Hart: 'These Days I Find More Republicans In Hollywood',0
Katie Holmes,0
Jamie Foxx & Katie Holmes Flaunt Their 5-Year Romance With Cute Beach Romp,0
"Of course, the Oscars had plenty of political moments",0
Tiffany Haddish Role-Plays Her First Date with Brad Pitt,0
"Jay Z Sued -- I'm Your Son, Just Admit It ... Says Wannabe Rapper",0
Katy Perry Accidentally Let It Slip That She's Dating Orlando Bloom ... Again,0
Rihanna stokes pregnancy rumours at Grammys 2018 after party,0
"Barack Obama Tweets SICK Attack On John McCain, Says He Should Have Died",0
Alec Baldwin Stepping Away From Twitter Following Criticism Over Weinstein Payoff Comments,0
Celebrities React: Nelsan Ellis Dead At 39,0
